car_id,first_online_date,car_sold_on_date,manufacturer,model,fuel_type,buy_price,last_online_price,market_reference_price,is_sold,missing_buy_price,days_online,gross_margin_eur,profit_margin_pct,age_bucket
1234768090,17/10/2024,18/11/2024,Volkswagen,T6 Multivan,Diesel,35031,43688,43895,1,FALSE,32,8657,24.71,31-60
1258374660,26/11/2024,,MINI,MINI,Benzin,11504,16623,15321,0,FALSE,339,5119,44.5,181-365
1272940076,01/10/2024,07/12/2024,Mitsubishi,Eclipse Cross,Benzin,13899,18422,17831,1,FALSE,67,4523,32.54,61-90
1275633463,20/09/2024,05/11/2024,Ford,Fiesta,Benzin,8522,13727,13294,1,FALSE,46,5205,61.08,31-60
1248774080,05/11/2024,,BMW,X1,Benzin,11564,16594,16781,0,FALSE,360,5030,43.5,181-365
1281970904,23/10/2024,09/01/2025,Volkswagen,Golf VII Sportsvan,Benzin,11355,15998,16100,1,FALSE,78,4643,40.89,61-90
1264815056,13/11/2024,06/12/2024,Dacia,Sandero,Benzin,8855,13709,14956,1,FALSE,23,4854,54.82,15-30
1272677082,18/10/2024,10/12/2024,Seat,Ibiza,Benzin,10024,11265,11826,1,FALSE,53,1241,12.38,31-60
1283265418,26/11/2024,,MINI,MINI,Benzin,8894,14655,16020,0,FALSE,339,5761,64.77,181-365
1278123756,11/10/2024,12/12/2024,Skoda,Rapid Spaceback,Benzin,,12623,14067,1,TRUE,62,,,61-90
1278387172,18/09/2024,28/11/2024,Opel,Mokka,Benzin,8368,13372,14021,1,FALSE,71,5004,59.8,61-90
1279481305,24/10/2024,29/10/2024,Volkswagen,T-Cross,Benzin,12911,19737,20430,1,FALSE,5,6826,52.87,0-7
1279969840,07/10/2024,26/11/2024,BMW,3er,Diesel,19285,22995,23601,1,FALSE,50,3710,19.24,31-60
1280126127,14/11/2024,26/11/2024,Toyota,Yaris,Benzin,11815,14259,16263,1,FALSE,12,2444,20.69,Aug-14
1280143414,12/12/2024,,Volkswagen,Golf VII Sportsvan,Benzin,7172,10638,10191,0,FALSE,323,3466,48.33,181-365
1280162880,26/09/2024,,Ford,Grand C-Max,Benzin,7102,10780,10807,0,FALSE,400,3678,51.79,365+
1278764435,21/12/2024,,Audi,A3,Hybrid,25419,29014,31063,0,FALSE,314,3595,14.14,181-365
1280864289,28/10/2024,11/11/2024,Renault,Megane,Benzin,10457,16196,17438,1,FALSE,14,5739,54.88,Aug-14
1279504442,12/09/2024,,BMW,4er,Benzin,14492,21586,,0,FALSE,414,7094,48.95,365+
1281005787,05/11/2024,,Opel,Mokka X,Benzin,8677,12890,13092,0,FALSE,360,4213,48.55,181-365
1281991434,15/11/2024,,Volkswagen,Golf VII,Benzin,8341,11024,12734,0,FALSE,350,2683,32.17,181-365
1278860130,14/10/2024,06/01/2025,Seat,Ibiza,Benzin,10650,13378,13137,1,FALSE,84,2728,25.62,61-90
1280638400,14/10/2024,,Fiat,500C,Benzin,4570,9902,8773,0,FALSE,382,5332,116.67,365+
1282028668,01/11/2024,23/12/2024,Volkswagen,Golf VII,Diesel,12767,18876,19331,1,FALSE,52,6109,47.85,31-60
1279301591,29/11/2024,,Seat,Ibiza,Benzin,8833,14079,12687,0,FALSE,336,5246,59.39,181-365
1279956782,05/11/2024,,Seat,Ibiza,Benzin,8377,12529,10806,0,FALSE,360,4152,49.56,181-365
1280106862,25/10/2024,,Volkswagen,up!,Benzin,6284,8147,7709,0,FALSE,371,1863,29.65,365+
1281768645,18/12/2024,,Opel,Astra,Benzin,9239,11417,11454,0,FALSE,317,2178,23.57,181-365
1282265734,09/12/2024,11/12/2024,Hyundai,i20,Benzin,7907,14839,14163,1,FALSE,2,6932,87.67,0-7
1280391577,19/11/2024,,Seat,Leon,Benzin,16735,22654,24225,0,FALSE,346,5919,35.37,181-365
1280731433,05/12/2024,,BMW,2er,Benzin,11658,16144,15572,0,FALSE,330,4486,38.48,181-365
1280182415,24/09/2024,16/12/2024,Volkswagen,Golf VII,Benzin,19242,21336,20869,1,FALSE,83,2094,10.88,61-90
1284295015,19/12/2024,,Volkswagen,Golf VII,Benzin,8478,14330,14571,0,FALSE,316,5852,69.03,181-365
1284618205,13/12/2024,16/12/2024,Mazda,CX-5,Benzin,25481,31520,32302,1,FALSE,3,6039,23.7,0-7
1281000154,17/10/2024,14/11/2024,Skoda,Octavia,Diesel,11377,16337,15382,1,FALSE,28,4960,43.6,15-30
1284570591,08/01/2025,,Opel,Grandland X,Benzin,9844,13524,12165,0,FALSE,296,3680,37.38,181-365
1277924797,13/09/2024,09/12/2024,Skoda,Karoq,Diesel,18134,18559,18328,1,FALSE,87,425,2.34,61-90
1281268346,15/10/2024,,Citroen,C1,Benzin,6835,8916,7785,0,FALSE,381,2081,30.45,365+
1281249671,18/10/2024,24/10/2024,Mercedes-Benz,E-Klasse,Benzin,21353,29309,29379,1,FALSE,6,7956,37.26,0-7
1267318813,06/11/2024,07/11/2024,Mercedes-Benz,GLC-Klasse,Benzin,26892,33601,33850,1,FALSE,1,6709,24.95,0-7
1277802092,19/09/2024,08/10/2024,Volkswagen,Passat,Diesel,14966,21250,20980,1,FALSE,19,6284,41.99,15-30
1282104640,19/11/2024,,Volkswagen,T-Roc,Diesel,15303,19499,19516,0,FALSE,346,4196,27.42,181-365
1282067571,03/12/2024,,Mercedes-Benz,CLA-Klasse,Benzin,12819,21072,19321,0,FALSE,332,8253,64.38,181-365
1279093485,02/10/2024,20/11/2024,Mercedes-Benz,GLC-Klasse,Diesel,21078,27515,28315,1,FALSE,49,6437,30.54,31-60
1283080347,03/12/2024,,MINI,MINI,Benzin,9046,14248,15052,0,FALSE,332,5202,57.51,181-365
1282758415,28/11/2024,13/12/2024,Audi,A4,Diesel,14154,20230,19265,1,FALSE,15,6076,42.93,15-30
1279154873,01/10/2024,16/12/2024,Audi,Q3,Diesel,19204,23123,22741,1,FALSE,76,3919,20.41,61-90
1277312575,25/10/2024,06/12/2024,Fiat,500,Benzin,7292,10820,10145,1,FALSE,42,3528,48.38,31-60
1277919693,08/01/2025,,Volkswagen,Caddy,Diesel,21608,30840,31231,0,FALSE,296,9232,42.72,181-365
1277520992,12/09/2024,16/09/2024,Opel,Crossland X,Benzin,9438,11480,12266,1,FALSE,4,2042,21.64,0-7
1280417718,02/10/2024,04/10/2024,Opel,Crossland X,Benzin,8081,13598,14554,1,FALSE,2,5517,68.27,0-7
1278469361,15/11/2024,,BMW,1er,Benzin,15487,21329,23143,0,FALSE,350,5842,37.72,181-365
1283782075,06/12/2024,,Skoda,Fabia,Benzin,3917,9452,8349,0,FALSE,329,5535,141.31,181-365
1279310750,23/09/2024,03/12/2024,Mercedes-Benz,A-Klasse,Diesel,22145,23195,23203,1,FALSE,71,1050,4.74,61-90
1280315351,24/10/2024,03/12/2024,BMW,4er,Benzin,17013,21478,22209,1,FALSE,40,4465,26.24,31-60
1280149501,01/10/2024,,MINI,MINI,Benzin,15584,19976,18882,0,FALSE,395,4392,28.18,365+
1278965058,14/09/2024,27/11/2024,Opel,Astra,Benzin,9090,12040,10011,1,FALSE,74,2950,32.45,61-90
1281723747,03/12/2024,30/12/2024,Opel,Karl,Benzin,6099,11005,13479,1,FALSE,27,4906,80.44,15-30
1280074628,19/09/2024,30/09/2024,Skoda,Fabia,Benzin,8627,11930,12477,1,FALSE,11,3303,38.29,Aug-14
1280346262,20/11/2024,,Dacia,Sandero,Benzin,8777,12337,14062,0,FALSE,345,3560,40.56,181-365
1279585595,24/09/2024,21/11/2024,Mazda,CX-5,Diesel,13046,14315,13767,1,FALSE,58,1269,9.73,31-60
1279868459,09/12/2024,,Honda,HR-V,Benzin,11798,17432,17620,0,FALSE,326,5634,47.75,181-365
1280344140,24/09/2024,25/09/2024,Citroen,Berlingo,Benzin,16834,22984,23610,1,FALSE,1,6150,36.53,0-7
1281833392,30/10/2024,15/11/2024,Seat,Arona,Benzin,7703,12523,11765,1,FALSE,16,4820,62.57,15-30
1276437825,30/09/2024,17/12/2024,Audi,Q5,Diesel,24704,26901,28323,1,FALSE,78,2197,8.89,61-90
1280585109,04/11/2024,,Renault,Kadjar,Benzin,14313,16138,17255,0,FALSE,361,1825,12.75,181-365
1281482529,04/11/2024,,Fiat,500,Benzin,8748,13857,14435,0,FALSE,361,5109,58.4,181-365
1282495737,04/12/2024,,Hyundai,i20,Benzin,5296,9302,8727,0,FALSE,331,4006,75.64,181-365
1282671380,14/11/2024,,Volkswagen,up!,Benzin,9601,12432,11529,0,FALSE,351,2831,29.49,181-365
1281876310,30/10/2024,20/11/2024,BMW,1er,Benzin,15535,18798,20604,1,FALSE,21,3263,21,15-30
1282626420,18/11/2024,03/01/2025,BMW,3er,Diesel,9242,17066,17786,1,FALSE,46,7824,84.66,31-60
1238175301,13/12/2024,,BMW,2er,Benzin,15348,20410,21050,0,FALSE,322,5062,32.98,181-365
1277033704,12/09/2024,05/12/2024,Peugeot,208,Benzin,9155,11844,12723,1,FALSE,84,2689,29.37,61-90
1259495145,05/12/2024,09/12/2024,Suzuki,Jimny,Benzin,20064,24982,26072,1,FALSE,4,4918,24.51,0-7
1281074520,25/11/2024,,Ford,Kuga,Diesel,16177,19645,20527,0,FALSE,340,3468,21.44,181-365
1275692883,19/12/2024,,Ford,Puma,Benzin,10643,17221,16181,0,FALSE,316,6578,61.81,181-365
1279308731,17/09/2024,,Kia,Sportage,Benzin,17658,20946,19248,0,FALSE,409,3288,18.62,365+
1280570254,04/11/2024,,Kia,XCeed,Benzin,17721,21117,21525,0,FALSE,361,3396,19.16,181-365
1282623426,19/11/2024,05/12/2024,Audi,A6,Diesel,19444,24401,25350,1,FALSE,16,4957,25.49,15-30
1284170431,06/01/2025,,Volkswagen,T-Roc,Benzin,18129,20876,22146,0,FALSE,298,2747,15.15,181-365
1284299121,19/12/2024,,MINI,Countryman,Benzin,4796,11272,9866,0,FALSE,316,6476,135.03,181-365
1284555408,23/12/2024,,Fiat,500,Benzin,11126,13704,15606,0,FALSE,312,2578,23.17,181-365
1280635362,26/10/2024,10/12/2024,Volkswagen,Golf VIII,Hybrid,19959,24506,25117,1,FALSE,45,4547,22.78,31-60
1281419794,24/10/2024,,Hyundai,i20,Benzin,10331,13862,14501,0,FALSE,372,3531,34.18,365+
1281814106,07/11/2024,02/12/2024,Seat,Leon,Benzin,7140,12678,12327,1,FALSE,25,5538,77.56,15-30
1274205667,02/10/2024,02/12/2024,Volkswagen,Golf VII,Benzin,21277,22703,24071,1,FALSE,61,1426,6.7,61-90
1279084322,01/11/2024,,Fiat,Tipo,Benzin,3794,10010,9422,0,FALSE,364,6216,163.84,181-365
1279245240,28/09/2024,12/12/2024,Volkswagen,Tiguan,Benzin,17815,20161,21240,1,FALSE,75,2346,13.17,61-90
1280584861,05/10/2024,12/11/2024,Kia,Picanto,Benzin,8509,10015,9163,1,FALSE,38,1506,17.7,31-60
1279684847,17/09/2024,05/12/2024,Volkswagen,Golf VII,Benzin,15633,18466,19971,1,FALSE,79,2833,18.12,61-90
1280998970,07/11/2024,23/12/2024,Opel,Crossland X,Benzin,9060,14581,15517,1,FALSE,46,5521,60.94,31-60
1277842706,18/09/2024,24/09/2024,Opel,Astra,Benzin,6748,11711,10806,1,FALSE,6,4963,73.55,0-7
1281769561,29/10/2024,,Volkswagen,Polo,Benzin,7045,12033,12201,0,FALSE,367,4988,70.8,365+
1279175147,25/10/2024,,BMW,2er,Benzin,17418,21630,20742,0,FALSE,371,4212,24.18,365+
1279319933,19/09/2024,04/10/2024,Ford,C-Max,Benzin,11460,16064,14589,1,FALSE,15,4604,40.17,15-30
1275563010,13/12/2024,,BMW,3er,Benzin,22800,29513,31501,0,FALSE,322,6713,29.44,181-365
1282205930,11/11/2024,,Ford,Kuga,Diesel,16516,20301,21154,0,FALSE,354,3785,22.92,181-365
1282725169,20/11/2024,,Fiat,500X,Benzin,12328,16333,14746,0,FALSE,345,4005,32.49,181-365
1280221487,04/10/2024,,Smart,forfour,Benzin,5428,7903,7903,0,FALSE,392,2475,45.6,365+
1280457496,04/10/2024,11/10/2024,Seat,Alhambra,Diesel,16716,24304,24200,1,FALSE,7,7588,45.39,0-7
1280284754,06/11/2024,,Mazda,CX-5,Diesel,13234,18849,20346,0,FALSE,359,5615,42.43,181-365
1278872112,09/10/2024,02/01/2025,BMW,2er,Diesel,10280,12007,13990,1,FALSE,85,1727,16.8,61-90
1283367705,25/11/2024,,Volkswagen,Golf VII,Diesel,10083,16744,16650,0,FALSE,340,6661,66.06,181-365
1284120378,02/01/2025,,Skoda,Fabia,Benzin,5116,9211,8858,0,FALSE,302,4095,80.04,181-365
1283629304,28/11/2024,,Dacia,Sandero,Benzin,5403,10420,12138,0,FALSE,337,5017,92.86,181-365
1281219641,19/10/2024,,BMW,1er,Benzin,12127,15513,16534,0,FALSE,377,3386,27.92,365+
1277324868,24/10/2024,25/10/2024,Opel,Insignia Sports Tourer,Benzin,10800,15998,18439,1,FALSE,1,5198,48.13,0-7
1284357346,09/01/2025,,Audi,A3,Benzin,7890,13494,12325,0,FALSE,295,5604,71.03,181-365
1276420471,07/10/2024,10/01/2025,Skoda,Fabia,Benzin,7440,10857,10344,1,FALSE,95,3417,45.93,91-180
1281072604,15/11/2024,08/01/2025,Mercedes-Benz,GLC-Klasse,Diesel,36379,42178,40350,1,FALSE,54,5799,15.94,31-60
1281125219,04/11/2024,22/11/2024,Volkswagen,Golf VII,Benzin,11458,15162,16342,1,FALSE,18,3704,32.33,15-30
1282924520,25/11/2024,,Volkswagen,Golf VII,Benzin,10144,14042,14158,0,FALSE,340,3898,38.43,181-365
1281762418,30/10/2024,,BMW,5er,Diesel,28757,32340,33620,0,FALSE,366,3583,12.46,365+
1278060217,17/09/2024,13/11/2024,Audi,A1,Benzin,8685,13552,13557,1,FALSE,57,4867,56.04,31-60
1278180520,07/10/2024,07/11/2024,Ford,Focus,Benzin,8792,13034,13116,1,FALSE,31,4242,48.25,31-60
1282191036,14/11/2024,,Volkswagen,Golf VII,Benzin,12211,16275,17179,0,FALSE,351,4064,33.28,181-365
1276230290,12/09/2024,17/10/2024,Opel,Astra,Diesel,10182,16840,18427,1,FALSE,35,6658,65.39,31-60
1272648702,08/11/2024,,Ford,Focus,Benzin,10864,15516,15829,0,FALSE,357,4652,42.82,181-365
1280349326,31/10/2024,,Renault,Megane,Diesel,12299,14461,14203,0,FALSE,365,2162,17.58,181-365
1279069560,12/12/2024,18/12/2024,Skoda,Fabia,Benzin,4297,9775,9516,1,FALSE,6,5478,127.48,0-7
1283105200,28/11/2024,,Opel,Corsa,Benzin,3797,8534,9385,0,FALSE,337,4737,124.76,181-365
1282291225,29/11/2024,,Audi,Q5,Diesel,14805,19507,18742,0,FALSE,336,4702,31.76,181-365
1283023498,19/11/2024,,Ford,EcoSport,Benzin,8690,11465,11587,0,FALSE,346,2775,31.93,181-365
1284287090,07/01/2025,,Audi,A1,Benzin,14070,19856,21387,0,FALSE,297,5786,41.12,181-365
1280581545,09/01/2025,,Dacia,Sandero,Benzin,13706,17768,18400,0,FALSE,295,4062,29.64,181-365
1280302701,15/10/2024,,Toyota,RAV 4,Hybrid,23286,29191,28510,0,FALSE,381,5905,25.36,365+
1283280271,26/11/2024,,BMW,7er,Benzin,28861,35239,34496,0,FALSE,339,6378,22.1,181-365
1279124011,23/10/2024,,Seat,Leon,Benzin,11236,15978,15966,0,FALSE,373,4742,42.2,365+
1282537071,14/11/2024,21/11/2024,Audi,A5 Sportback,Diesel,20274,25024,25913,1,FALSE,7,4750,23.43,0-7
1281443179,27/11/2024,,Suzuki,Vitara,Benzin,10093,14588,15648,0,FALSE,338,4495,44.54,181-365
1283419637,06/12/2024,,Volkswagen,Golf VII,Benzin,14419,17152,16935,0,FALSE,329,2733,18.95,181-365
1283712603,19/12/2024,,Volkswagen,Golf VII Sportsvan,Benzin,9747,14101,13887,0,FALSE,316,4354,44.67,181-365
1283827999,06/12/2024,,Hyundai,Kona,Benzin,18795,25588,26381,0,FALSE,329,6793,36.14,181-365
1284053874,07/01/2025,,Renault,Megane,Benzin,4737,10647,11116,0,FALSE,297,5910,124.76,181-365
1284153280,30/12/2024,,Nissan,Juke,Benzin,14402,18702,17416,0,FALSE,305,4300,29.86,181-365
1280529614,16/10/2024,21/10/2024,Opel,Corsa,Benzin,8734,12302,13828,1,FALSE,5,3568,40.85,0-7
1280282622,09/10/2024,16/11/2024,Kia,Sportage,Benzin,12569,17771,17636,1,FALSE,38,5202,41.39,31-60
1276958518,03/01/2025,,Volkswagen,T-Roc,Benzin,17277,23551,22329,0,FALSE,301,6274,36.31,181-365
1280376930,07/10/2024,10/12/2024,Alfa Romeo,Giulietta,Benzin,13629,16003,15397,1,FALSE,64,2374,17.42,61-90
1282043451,09/11/2024,,Kia,XCeed,Benzin,16889,21713,20321,0,FALSE,356,4824,28.56,181-365
1281030776,16/10/2024,18/12/2024,Volkswagen,Polo,Benzin,14668,14795,16280,1,FALSE,63,127,0.87,61-90
1282473151,24/12/2024,,Toyota,Yaris,Benzin,9108,12639,11976,0,FALSE,311,3531,38.77,181-365
1282749321,18/12/2024,,Ford,EcoSport,Benzin,6807,12344,13601,0,FALSE,317,5537,81.34,181-365
1239905354,20/09/2024,28/11/2024,Seat,Ateca,Diesel,23363,28472,26780,1,FALSE,69,5109,21.87,61-90
1244227619,17/12/2024,,Audi,A3,Benzin,12467,17512,16229,0,FALSE,318,5045,40.47,181-365
1241792937,17/09/2024,18/11/2024,Hyundai,Tucson,Benzin,13424,14982,16171,1,FALSE,62,1558,11.61,61-90
1276881084,12/09/2024,11/11/2024,Opel,Corsa,Benzin,8031,10998,10647,1,FALSE,60,2967,36.94,31-60
1265507993,09/12/2024,,Ford,S-Max,Benzin,14307,21556,21535,0,FALSE,326,7249,50.67,181-365
1279578309,18/09/2024,23/09/2024,Audi,Q2,Benzin,15304,19841,19445,1,FALSE,5,4537,29.65,0-7
1281817162,29/11/2024,23/12/2024,Volvo,V40,Diesel,11322,15624,15382,1,FALSE,24,4302,38,15-30
1282514591,18/11/2024,,Dacia,Duster,Benzin,11848,16513,16286,0,FALSE,347,4665,39.37,181-365
1254949154,16/09/2024,26/11/2024,BMW,3er,Benzin,27534,30573,30503,1,FALSE,71,3039,11.04,61-90
1239948772,23/12/2024,27/12/2024,Opel,Corsa,Benzin,9597,11882,12146,1,FALSE,4,2285,23.81,0-7
1271953050,23/10/2024,23/12/2024,Smart,forfour,Benzin,8018,10750,11155,1,FALSE,61,2732,34.07,61-90
1282500179,22/11/2024,,Opel,Corsa,Benzin,4614,9307,10502,0,FALSE,343,4693,101.71,181-365
1274884474,24/09/2024,11/12/2024,BMW,X4,Diesel,35929,38950,38750,1,FALSE,78,3021,8.41,61-90
1281072675,21/11/2024,30/12/2024,Skoda,Superb,Benzin,16566,21423,21915,1,FALSE,39,4857,29.32,31-60
1277096394,18/09/2024,26/09/2024,Mercedes-Benz,V-Klasse,Diesel,42502,48760,48590,1,FALSE,8,6258,14.72,Aug-14
1276245810,19/09/2024,04/01/2025,Ford,Kuga,Benzin,10585,14217,14084,1,FALSE,107,3632,34.31,91-180
1283002437,23/12/2024,,Fiat,500,Benzin,5843,7415,9052,0,FALSE,312,1572,26.9,181-365
1283385785,29/11/2024,,Volkswagen,Golf VII,Benzin,11958,16938,16799,0,FALSE,336,4980,41.65,181-365
1279970287,23/09/2024,05/10/2024,Audi,A3 Limousine,Benzin,22983,30395,31245,1,FALSE,12,7412,32.25,Aug-14
1280153141,19/10/2024,24/10/2024,MINI,MINI,Benzin,8191,13502,12637,1,FALSE,5,5311,64.84,0-7
1273902473,13/12/2024,,Volkswagen,T-Cross,Benzin,18501,22223,24121,0,FALSE,322,3722,20.12,181-365
1277817324,22/10/2024,06/11/2024,Mercedes-Benz,B-Klasse,Diesel,7869,15331,15518,1,FALSE,15,7462,94.83,15-30
1279613045,05/11/2024,20/11/2024,Ford,B-Max,Benzin,6687,13243,13975,1,FALSE,15,6556,98.04,15-30
1281139228,23/10/2024,,Volkswagen,Golf VIII,Diesel,17018,22283,22312,0,FALSE,373,5265,30.94,365+
1281532051,18/11/2024,19/12/2024,Renault,Trafic,Diesel,15899,22968,23419,1,FALSE,31,7069,44.46,31-60
1280494425,29/11/2024,02/12/2024,Opel,Corsa,Benzin,6322,10843,11342,1,FALSE,3,4521,71.51,0-7
1270978518,04/10/2024,11/11/2024,Skoda,Fabia,Benzin,10420,13959,15959,1,FALSE,38,3539,33.96,31-60
1278770596,12/09/2024,,BMW,X1,Hybrid,28192,31596,32962,0,FALSE,414,3404,12.07,365+
1281908342,06/11/2024,03/01/2025,Opel,Insignia,Benzin,9263,13493,12356,1,FALSE,58,4230,45.67,31-60
1280233129,11/11/2024,,Volkswagen,Tiguan Allspace,Diesel,23225,29021,28002,0,FALSE,354,5796,24.96,181-365
1280387761,24/10/2024,,Smart,forfour,Benzin,6734,13040,13421,0,FALSE,372,6306,93.64,365+
1283674846,05/12/2024,,BMW,4er,Benzin,14830,21461,20643,0,FALSE,330,6631,44.71,181-365
1284324671,09/01/2025,,Ford,Fiesta,Benzin,8286,10867,11043,0,FALSE,295,2581,31.15,181-365
1284714759,07/01/2025,,Volkswagen,T-Roc,Benzin,20953,25098,25704,0,FALSE,297,4145,19.78,181-365
1281380931,28/10/2024,,Volkswagen,Golf VII,Benzin,12214,16373,16977,0,FALSE,368,4159,34.05,365+
1283581827,11/12/2024,,Ford,Kuga,Diesel,20769,26119,26457,0,FALSE,324,5350,25.76,181-365
1282292212,15/11/2024,28/11/2024,Skoda,Fabia,Benzin,7643,11788,11538,1,FALSE,13,4145,54.23,Aug-14
1277131098,25/11/2024,,Opel,Zafira Tourer,Benzin,6796,11481,13095,0,FALSE,340,4685,68.94,181-365
1279196441,21/09/2024,20/12/2024,Volkswagen,Tiguan,Diesel,22597,23653,23349,1,FALSE,90,1056,4.67,61-90
1279518667,23/09/2024,05/12/2024,Audi,Q3,Benzin,18512,22214,23466,1,FALSE,73,3702,20,61-90
1283306931,04/12/2024,,Ford,S-Max,Benzin,13749,18698,18671,0,FALSE,331,4949,36,181-365
1282581977,19/12/2024,,Jeep,Grand Cherokee,Diesel,26520,33064,34011,0,FALSE,316,6544,24.68,181-365
1278916724,13/09/2024,14/12/2024,Kia,Optima,Benzin,15659,20311,20046,1,FALSE,92,4652,29.71,91-180
1279160155,16/09/2024,26/11/2024,Mercedes-Benz,C-Klasse,Benzin,22863,25911,26292,1,FALSE,71,3048,13.33,61-90
1284460773,08/01/2025,,Seat,Leon,Benzin,13620,19049,17405,0,FALSE,296,5429,39.86,181-365
1283714341,03/12/2024,,Audi,A3,Diesel,15237,18640,16791,0,FALSE,332,3403,22.33,181-365
1272721667,26/09/2024,20/12/2024,Skoda,Kodiaq,Benzin,26351,29967,30253,1,FALSE,85,3616,13.72,61-90
1278090845,30/10/2024,,Jeep,Renegade,Diesel,9424,14188,15313,0,FALSE,366,4764,50.55,365+
1278809244,19/09/2024,24/09/2024,Kia,pro_cee'd,Benzin,16132,21842,24099,1,FALSE,5,5710,35.4,0-7
1284543598,27/12/2024,,Peugeot,5008,Diesel,14246,19878,22182,0,FALSE,308,5632,39.53,181-365
1283663503,13/12/2024,16/12/2024,Ford,Mondeo,Diesel,10503,16087,16497,1,FALSE,3,5584,53.17,0-7
1282965254,23/12/2024,,Mercedes-Benz,C-Klasse,Benzin,21459,27732,27293,0,FALSE,312,6273,29.23,181-365
1277687445,18/12/2024,,Ford,Mondeo,Benzin,9486,12863,12776,0,FALSE,317,3377,35.6,181-365
1282508234,13/11/2024,09/12/2024,Fiat,Tipo,Benzin,10867,14591,14252,1,FALSE,26,3724,34.27,15-30
1273845293,04/12/2024,18/12/2024,Volkswagen,Golf VII,Diesel,12442,14908,14633,1,FALSE,14,2466,19.82,Aug-14
1279212603,07/10/2024,26/10/2024,Volkswagen,Touran,Benzin,21400,25720,25374,1,FALSE,19,4320,20.19,15-30
1274025839,05/12/2024,,Ford,Focus,Benzin,15541,19225,18413,0,FALSE,330,3684,23.71,181-365
1279716832,13/12/2024,,Kia,Stonic,Benzin,14628,18652,16962,0,FALSE,322,4024,27.51,181-365
1281635603,30/10/2024,,Jeep,Renegade,Benzin,9474,12216,11959,0,FALSE,366,2742,28.94,365+
1280079635,25/09/2024,26/11/2024,Volkswagen,Golf VII,Benzin,13133,16210,15626,1,FALSE,62,3077,23.43,61-90
1280490260,17/10/2024,,Mazda,CX-3,Benzin,14282,17633,16307,0,FALSE,379,3351,23.46,365+
1280797887,06/01/2025,,Opel,Mokka X,Benzin,7707,13485,14421,0,FALSE,298,5778,74.97,181-365
1280950169,09/11/2024,12/11/2024,Opel,Crossland X,Benzin,9186,12859,13932,1,FALSE,3,3673,39.98,0-7
1279761170,17/09/2024,11/11/2024,Peugeot,108,Benzin,7616,9557,9217,1,FALSE,55,1941,25.49,31-60
1282444588,19/12/2024,,Peugeot,3008,Diesel,20479,25846,25789,0,FALSE,316,5367,26.21,181-365
1283020215,29/11/2024,,Audi,A1,Benzin,10890,16320,16267,0,FALSE,336,5430,49.86,181-365
1281883209,06/11/2024,,Volkswagen,T-Roc,Benzin,20425,23580,24921,0,FALSE,359,3155,15.45,181-365
1277472087,08/10/2024,,Skoda,Octavia,Benzin,10573,12537,14080,0,FALSE,388,1964,18.58,365+
1277250864,30/09/2024,02/10/2024,Ford,Transit,Diesel,23877,30582,29654,1,FALSE,2,6705,28.08,0-7
1280726622,17/10/2024,,BMW,2er,Benzin,17392,20415,19998,0,FALSE,379,3023,17.38,365+
1282911451,22/11/2024,,Opel,Mokka X,Benzin,16260,21509,22251,0,FALSE,343,5249,32.28,181-365
1281745558,30/10/2024,27/12/2024,Audi,A1 citycarver,Benzin,16444,19905,20496,1,FALSE,58,3461,21.05,31-60
1213120269,30/10/2024,21/11/2024,Smart,forfour,Benzin,4240,11097,10316,1,FALSE,22,6857,161.72,15-30
1275789338,24/09/2024,30/11/2024,Audi,TT,Benzin,23166,24916,25553,1,FALSE,67,1750,7.55,61-90
1278237972,12/09/2024,25/11/2024,Ford,Focus,Benzin,16170,20390,22326,1,FALSE,74,4220,26.1,61-90
1280339691,14/12/2024,,Seat,Leon,Benzin,14232,19890,20661,0,FALSE,321,5658,39.76,181-365
1281072245,17/10/2024,,BMW,5er,Diesel,20813,27455,29177,0,FALSE,379,6642,31.91,365+
1284917233,19/12/2024,,Skoda,Kamiq,Benzin,19093,26047,24978,0,FALSE,316,6954,36.42,181-365
1278720653,16/09/2024,05/12/2024,Peugeot,508,Diesel,16767,22027,21636,1,FALSE,80,5260,31.37,61-90
1270870853,27/11/2024,,Nissan,Qashqai,Benzin,11401,15758,16564,0,FALSE,338,4357,38.22,181-365
1262353191,26/11/2024,23/12/2024,BMW,1er,Benzin,22261,28642,29384,1,FALSE,27,6381,28.66,15-30
1272722155,23/10/2024,,Mercedes-Benz,C-Klasse,Diesel,26888,32197,31077,0,FALSE,373,5309,19.74,365+
1275281051,16/10/2024,19/11/2024,BMW,1er,Benzin,12120,16135,16876,1,FALSE,34,4015,33.13,31-60
1279658026,27/09/2024,17/12/2024,Ford,Kuga,Benzin,10617,13017,11733,1,FALSE,81,2400,22.61,61-90
1280371155,06/11/2024,,Skoda,Kodiaq,Benzin,22757,28048,26354,0,FALSE,359,5291,23.25,181-365
1282295412,14/11/2024,,Seat,Leon,Benzin,11211,14436,14291,0,FALSE,351,3225,28.77,181-365
1279192495,06/12/2024,,Alfa Romeo,Giulia,Benzin,19176,23837,23522,0,FALSE,329,4661,24.31,181-365
1280270557,15/10/2024,02/12/2024,Dacia,Sandero,Benzin,11374,16525,16455,1,FALSE,48,5151,45.29,31-60
1278729359,20/09/2024,29/10/2024,Mercedes-Benz,Vito Tourer,Diesel,32033,38240,38707,1,FALSE,39,6207,19.38,31-60
1277423971,02/10/2024,15/10/2024,Kia,cee'd,Benzin,15951,18202,18159,1,FALSE,13,2251,14.11,Aug-14
1278636620,17/09/2024,,Mercedes-Benz,T-Klasse,Diesel,22117,25657,24800,0,FALSE,409,3540,16.01,365+
1278857015,04/11/2024,,Skoda,Kodiaq,Benzin,18377,25043,25670,0,FALSE,361,6666,36.27,181-365
1278172850,01/10/2024,08/10/2024,Skoda,Octavia,Diesel,5990,10691,11163,1,FALSE,7,4701,78.48,0-7
1275469894,17/09/2024,16/12/2024,Audi,A6,Diesel,26620,27452,27050,1,FALSE,90,832,3.13,61-90
1281885954,11/12/2024,13/12/2024,Renault,Clio,Diesel,7653,13631,12417,1,FALSE,2,5978,78.11,0-7
1279037418,18/09/2024,07/10/2024,Audi,A1,Benzin,13132,18921,18361,1,FALSE,19,5789,44.08,15-30
1282110205,06/11/2024,,Audi,A5 Sportback,Benzin,30033,35300,34716,0,FALSE,359,5267,17.54,181-365
1280738996,15/10/2024,,Volkswagen,Golf VII,Benzin,11057,15420,15043,0,FALSE,381,4363,39.46,365+
1282831870,06/12/2024,,Smart,forfour,Benzin,12030,16682,17892,0,FALSE,329,4652,38.67,181-365
1280166283,24/10/2024,,Audi,Q2,Benzin,14369,18682,17606,0,FALSE,372,4313,30.02,365+
1279376665,09/10/2024,,Renault,Clio,Benzin,6694,10247,10588,0,FALSE,387,3553,53.08,365+
1282999262,21/11/2024,,Fiat,500C,Benzin,7530,12318,11394,0,FALSE,344,4788,63.59,181-365
1280532089,08/11/2024,08/01/2025,Seat,Leon,Benzin,9058,14548,15320,1,FALSE,61,5490,60.61,61-90
1284491695,18/12/2024,,Volkswagen,Golf VIII,Benzin,14414,18439,19581,0,FALSE,317,4025,27.92,181-365
1283951798,07/01/2025,,Hyundai,i10,Benzin,6460,8691,10541,0,FALSE,297,2231,34.54,181-365
1284270391,27/12/2024,,Volkswagen,Golf VII Sportsvan,Benzin,13090,15325,15074,0,FALSE,308,2235,17.07,181-365
1253636297,26/09/2024,07/01/2025,BMW,2er,Diesel,24718,26618,24822,1,FALSE,103,1900,7.69,91-180
1273396017,01/10/2024,07/10/2024,Seat,Alhambra,Diesel,22520,26080,28438,1,FALSE,6,3560,15.81,0-7
1278480702,16/09/2024,07/10/2024,Volkswagen,Tiguan,Benzin,22911,28595,28560,1,FALSE,21,5684,24.81,15-30
1281158306,28/11/2024,,BMW,X1,Benzin,12940,18495,18029,0,FALSE,337,5555,42.93,181-365
1276041837,20/12/2024,,Peugeot,5008,Diesel,20953,26004,26986,0,FALSE,315,5051,24.11,181-365
1279975181,14/10/2024,04/11/2024,Hyundai,i20,Benzin,7338,11124,9822,1,FALSE,21,3786,51.59,15-30
1276689593,11/10/2024,21/11/2024,Mercedes-Benz,V-Klasse,Diesel,35408,41219,40332,1,FALSE,41,5811,16.41,31-60
1282870157,23/12/2024,27/12/2024,Kia,pro_cee'd,Benzin,18778,26036,24850,1,FALSE,4,7258,38.65,0-7
1281900595,04/11/2024,,Volkswagen,T-Cross,Benzin,16565,19267,20299,0,FALSE,361,2702,16.31,181-365
1280862624,14/11/2024,23/11/2024,Dacia,Sandero,Benzin,4580,10266,8636,1,FALSE,9,5686,124.15,Aug-14
1281263916,26/10/2024,04/11/2024,Opel,Corsa,Benzin,11055,15315,14868,1,FALSE,9,4260,38.53,Aug-14
1279108179,12/09/2024,16/09/2024,Opel,Astra,Diesel,5000,11388,9849,1,FALSE,4,6388,127.76,0-7
1284267161,16/12/2024,,BMW,2er,Diesel,20735,28645,30865,0,FALSE,319,7910,38.15,181-365
1283685108,05/12/2024,09/12/2024,Smart,fortwo,Benzin,9436,11345,,1,FALSE,4,1909,20.23,0-7
1280766519,04/11/2024,03/01/2025,Opel,Corsa,Benzin,8560,13128,12987,1,FALSE,60,4568,53.36,31-60
1280969043,21/11/2024,,BMW,2er,Hybrid,12427,15107,16320,0,FALSE,344,2680,21.57,181-365
1275908795,02/12/2024,,Jeep,Compass,Diesel,15531,17964,17933,0,FALSE,333,2433,15.67,181-365
1278872896,17/09/2024,21/09/2024,Audi,Q2,Diesel,16263,23244,22627,1,FALSE,4,6981,42.93,0-7
1279942105,07/10/2024,,Opel,Insignia Sports Tourer,Diesel,12032,17158,17927,0,FALSE,389,5126,42.6,365+
1280595929,24/10/2024,11/12/2024,BMW,5er,Diesel,20667,25353,25769,1,FALSE,48,4686,22.67,31-60
1279523459,02/10/2024,02/12/2024,Ford,Fiesta,Benzin,4491,10084,10004,1,FALSE,61,5593,124.54,61-90
1280868388,02/12/2024,,BMW,3er,Diesel,,17318,17887,0,TRUE,333,,,181-365
1280945134,07/01/2025,,Seat,Ateca,Benzin,17571,24032,25422,0,FALSE,297,6461,36.77,181-365
1281219988,18/12/2024,19/12/2024,Renault,Twingo,Benzin,7462,12330,13208,1,FALSE,1,4868,65.24,0-7
1279976733,24/09/2024,20/11/2024,Volvo,XC40,Benzin,22940,26526,26145,1,FALSE,57,3586,15.63,31-60
1280498503,02/10/2024,12/12/2024,Smart,forfour,Benzin,12651,14154,14177,1,FALSE,71,1503,11.88,61-90
1281763596,30/10/2024,,Volkswagen,Touran,Benzin,19648,23880,25222,0,FALSE,366,4232,21.54,365+
1283806578,06/12/2024,,Skoda,Karoq,Benzin,17022,21351,23039,0,FALSE,329,4329,25.43,181-365
1283857276,06/12/2024,,Peugeot,208,Benzin,14310,21130,20202,0,FALSE,329,6820,47.66,181-365
1281501494,26/11/2024,,Hyundai,i30,Benzin,6652,9242,11007,0,FALSE,339,2590,38.94,181-365
1281552936,26/10/2024,02/11/2024,Peugeot,2008,Benzin,7390,11879,11894,1,FALSE,7,4489,60.74,0-7
1284419151,19/12/2024,23/12/2024,Opel,Astra,Diesel,14122,17958,19136,1,FALSE,4,3836,27.16,0-7
1275307657,14/10/2024,08/01/2025,Volkswagen,Passat,Diesel,16179,20435,22280,1,FALSE,86,4256,26.31,61-90
1282702781,13/12/2024,27/12/2024,BMW,X1,Benzin,20562,24819,24986,1,FALSE,14,4257,20.7,Aug-14
1282017004,25/11/2024,,Audi,A3 Limousine,Diesel,16515,21435,21533,0,FALSE,340,4920,29.79,181-365
1281455772,06/12/2024,07/01/2025,Nissan,Note,Benzin,8524,9715,9527,1,FALSE,32,1191,13.97,31-60
1282258755,19/11/2024,02/01/2025,Ford,Fiesta,Benzin,4329,8313,9215,1,FALSE,44,3984,92.03,31-60
1277767761,02/10/2024,18/10/2024,Ford,EcoSport,Benzin,11208,16967,17058,1,FALSE,16,5759,51.38,15-30
1240854849,04/12/2024,,Hyundai,i10,Benzin,6438,10051,9412,0,FALSE,331,3613,56.12,181-365
1279109924,24/10/2024,,Volkswagen,Touareg,Diesel,31415,35891,36100,0,FALSE,372,4476,14.25,365+
1280318452,15/10/2024,08/01/2025,Volkswagen,Touran,Diesel,27245,30762,30165,1,FALSE,85,3517,12.91,61-90
1280780238,16/11/2024,16/11/2024,Volkswagen,T6 Multivan,Diesel,20382,25888,25347,1,FALSE,0,5506,27.01,0-7
1265487375,25/09/2024,18/12/2024,Opel,Astra,Benzin,13748,16573,16615,1,FALSE,84,2825,20.55,61-90
1283527881,06/12/2024,,Audi,Q3,Benzin,21130,25773,26489,0,FALSE,329,4643,21.97,181-365
1283895926,17/12/2024,,Nissan,Micra,Benzin,8754,14740,14439,0,FALSE,318,5986,68.38,181-365
1284144163,16/12/2024,,Volkswagen,Passat,Diesel,11392,16319,15048,0,FALSE,319,4927,43.25,181-365
1269502981,08/11/2024,28/11/2024,Toyota,Yaris,Hybrid,10514,14107,16452,1,FALSE,20,3593,34.17,15-30
1269592324,28/10/2024,08/11/2024,Volkswagen,Tiguan,Benzin,7505,12599,13618,1,FALSE,11,5094,67.87,Aug-14
1256809433,25/10/2024,20/12/2024,Mercedes-Benz,C-Klasse,Benzin,14979,18996,18471,1,FALSE,56,4017,26.82,31-60
1278958575,27/09/2024,06/01/2025,Audi,A7,Diesel,28465,32631,31990,1,FALSE,101,4166,14.64,91-180
1268853860,17/09/2024,02/12/2024,Mazda,CX-5,Benzin,21440,23136,24131,1,FALSE,76,1696,7.91,61-90
1283388879,22/11/2024,,Seat,Leon,Diesel,12173,17287,16148,0,FALSE,343,5114,42.01,181-365
1281870735,28/10/2024,,Kia,Picanto,Benzin,13262,15277,14495,0,FALSE,368,2015,15.19,365+
1278652859,13/09/2024,29/11/2024,Volkswagen,Golf VII,Benzin,20389,24272,23003,1,FALSE,77,3883,19.04,61-90
1283428098,14/12/2024,,Seat,Leon,Benzin,6427,8555,9497,0,FALSE,321,2128,33.11,181-365
1285215930,08/01/2025,,Hyundai,i20,Benzin,9835,15198,16283,0,FALSE,296,5363,54.53,181-365
1279575504,25/10/2024,,Mitsubishi,Space Star,Benzin,7969,10458,11014,0,FALSE,371,2489,31.23,365+
1279616016,14/12/2024,,Renault,Megane,Diesel,6100,13039,12400,0,FALSE,321,6939,113.75,181-365
1278619997,12/09/2024,18/10/2024,Mercedes-Benz,GLA-Klasse,Benzin,19306,22875,23494,1,FALSE,36,3569,18.49,31-60
1278890021,13/09/2024,25/09/2024,Opel,Astra,Benzin,14435,19827,18412,1,FALSE,12,5392,37.35,Aug-14
1280325878,29/11/2024,,Jeep,Renegade,Benzin,12969,18346,19725,0,FALSE,336,5377,41.46,181-365
1280160101,14/10/2024,19/11/2024,Dacia,Sandero,Benzin,7913,13341,12838,1,FALSE,36,5428,68.6,31-60
1280461068,15/10/2024,28/11/2024,Seat,Ibiza,Benzin,13811,18268,19919,1,FALSE,44,4457,32.27,31-60
1278062730,28/11/2024,,Ford,Fiesta,Benzin,5597,8990,7992,0,FALSE,337,3393,60.62,181-365
1278258571,01/10/2024,06/11/2024,Volkswagen,Golf VII,Benzin,12809,18225,18378,1,FALSE,36,5416,42.28,31-60
1281230599,15/10/2024,22/10/2024,Volkswagen,Passat,Diesel,15223,20370,20459,1,FALSE,7,5147,33.81,0-7
1280192146,02/10/2024,23/10/2024,Citroen,C3,Benzin,6524,11053,10010,1,FALSE,21,4529,69.42,15-30
1279503861,27/09/2024,,Fiat,500X,Benzin,7169,11560,11388,0,FALSE,399,4391,61.25,365+
1279001709,26/09/2024,05/12/2024,Kia,Picanto,Benzin,8407,11476,12232,1,FALSE,70,3069,36.51,61-90
1278746410,13/09/2024,16/09/2024,BMW,2er,Benzin,14296,20381,20155,1,FALSE,3,6085,42.56,0-7
1283120112,21/11/2024,,Ford,Tourneo Connect,Diesel,14963,17324,19127,0,FALSE,344,2361,15.78,181-365
1280394992,17/10/2024,,Smart,fortwo,Benzin,4189,7238,7522,0,FALSE,379,3049,72.79,365+
1280783392,16/10/2024,,Mercedes-Benz,C-Klasse,Benzin,20894,24574,26308,0,FALSE,380,3680,17.61,365+
1279349747,17/09/2024,20/11/2024,Volkswagen,Golf VII,Benzin,5467,9902,9752,1,FALSE,64,4435,81.12,61-90
1284856697,23/12/2024,,Seat,Ibiza,Benzin,11612,13964,14055,0,FALSE,312,2352,20.25,181-365
1278658005,27/11/2024,,BMW,2er,Benzin,31893,38943,38525,0,FALSE,338,7050,22.11,181-365
1283866921,06/12/2024,,Skoda,Octavia,Benzin,30939,37305,37864,0,FALSE,329,6366,20.58,181-365
1281081215,30/10/2024,07/12/2024,Mazda,CX-5,Diesel,13215,16246,17468,1,FALSE,38,3031,22.94,31-60
1276020494,07/10/2024,10/10/2024,Ssangyong,Tivoli,Diesel,4702,9045,9241,1,FALSE,3,4343,92.36,0-7
1281880761,18/11/2024,19/11/2024,BMW,X4,Diesel,37179,42755,43596,1,FALSE,1,5576,15,0-7
1276101215,09/01/2025,,Land Rover,Evoque,Diesel,16918,21430,21989,0,FALSE,295,4512,26.67,181-365
1278522200,18/09/2024,01/10/2024,Hyundai,i10,Benzin,6255,12201,12598,1,FALSE,13,5946,95.06,Aug-14
1281975720,28/10/2024,,Renault,Twingo,Benzin,5976,10722,10161,0,FALSE,368,4746,79.42,365+
1282465392,26/11/2024,05/12/2024,Skoda,Fabia,Benzin,3085,8387,8515,1,FALSE,9,5302,171.86,Aug-14
1279261630,20/12/2024,08/01/2025,Opel,Insignia Grand Sport,Diesel,12469,17661,17237,1,FALSE,19,5192,41.64,15-30
1278805647,19/11/2024,,BMW,2er,Benzin,18999,25322,24817,0,FALSE,346,6323,33.28,181-365
1278903900,16/09/2024,16/12/2024,Volkswagen,T-Cross,Benzin,10367,14632,14466,1,FALSE,91,4265,41.14,91-180
1281920176,06/11/2024,,Opel,Corsa,Benzin,5076,7864,8700,0,FALSE,359,2788,54.93,181-365
1280301474,11/10/2024,,Toyota,Aygo,Benzin,10429,12893,11962,0,FALSE,385,2464,23.63,365+
1278308524,03/12/2024,,Kia,Sportage,Benzin,12826,17876,19140,0,FALSE,332,5050,39.37,181-365
1270536908,28/10/2024,05/11/2024,Audi,A6,Diesel,15986,23163,22100,1,FALSE,8,7177,44.9,Aug-14
1279463203,12/12/2024,06/01/2025,Hyundai,i30,Benzin,19219,25201,26759,1,FALSE,25,5982,31.13,15-30
1278792790,20/09/2024,06/11/2024,Smart,fortwo,Benzin,9570,12490,13106,1,FALSE,47,2920,30.51,31-60
1279803777,02/10/2024,,Mercedes-Benz,V-Klasse,Diesel,32736,39040,36965,0,FALSE,394,6304,19.26,365+
1279871184,09/10/2024,09/11/2024,Mercedes-Benz,GLA-Klasse,Benzin,18147,24325,24728,1,FALSE,31,6178,34.04,31-60
1282095423,15/11/2024,07/12/2024,Opel,Zafira Life,Diesel,35063,42233,40917,1,FALSE,22,7170,20.45,15-30
1280853835,26/11/2024,13/12/2024,Ford,Tourneo,Benzin,9186,12837,13677,1,FALSE,17,3651,39.75,15-30
1281329633,31/10/2024,,Volkswagen,Touran,Diesel,19693,24169,22583,0,FALSE,365,4476,22.73,181-365
1279810969,30/09/2024,30/10/2024,Smart,forfour,Benzin,9123,13127,12719,1,FALSE,30,4004,43.89,15-30
1268555343,25/09/2024,11/12/2024,Volkswagen,Golf VIII,Benzin,24113,26069,28089,1,FALSE,77,1956,8.11,61-90
1280452676,04/10/2024,20/12/2024,Ford,Focus,Benzin,12131,15898,17784,1,FALSE,77,3767,31.05,61-90
1282261656,08/11/2024,,Suzuki,Ignis,Benzin,9629,12251,11584,0,FALSE,357,2622,27.23,181-365
1280706697,10/10/2024,,Ford,Focus,Benzin,8959,11839,11957,0,FALSE,386,2880,32.15,365+
1281701162,26/10/2024,,Volkswagen,Tiguan,Benzin,13951,15969,15861,0,FALSE,370,2018,14.46,365+
1282223820,08/11/2024,11/11/2024,Dacia,Dokker,Diesel,10059,13266,14650,1,FALSE,3,3207,31.88,0-7
1283311695,22/11/2024,,Mercedes-Benz,GLC-Klasse,Benzin,23204,31727,32521,0,FALSE,343,8523,36.73,181-365
1283739885,20/12/2024,,Seat,Leon,Benzin,14110,17614,18063,0,FALSE,315,3504,24.83,181-365
1282380353,19/11/2024,,Audi,A4,Diesel,16784,21012,19259,0,FALSE,346,4228,25.19,181-365
1281915299,19/11/2024,09/12/2024,Citroen,Berlingo,Diesel,18936,22880,23159,1,FALSE,20,3944,20.83,15-30
1257997648,18/11/2024,14/12/2024,Volkswagen,Golf VII,Benzin,14551,17323,18766,1,FALSE,26,2772,19.05,15-30
1265658966,20/12/2024,,Audi,A6,Diesel,23596,32599,33543,0,FALSE,315,9003,38.15,181-365
1280030902,15/10/2024,,Ford,EcoSport,Benzin,8955,12072,12186,0,FALSE,381,3117,34.81,365+
1282923116,06/01/2025,,Renault,Twingo,Benzin,7175,12083,10697,0,FALSE,298,4908,68.4,181-365
1283158712,29/11/2024,,Opel,Insignia Sports Tourer,Diesel,15125,17754,19048,0,FALSE,336,2629,17.38,181-365
1267101705,25/10/2024,11/12/2024,Toyota,Yaris,Hybrid,8925,13455,11937,1,FALSE,47,4530,50.76,31-60
1276013107,14/09/2024,25/09/2024,Volkswagen,Tiguan,Benzin,23900,28839,29604,1,FALSE,11,4939,20.67,Aug-14
1280473461,29/10/2024,23/12/2024,Mercedes-Benz,C-Klasse,Diesel,18567,24751,23326,1,FALSE,55,6184,33.31,31-60
1280664877,16/12/2024,,BMW,1er,Benzin,10348,14393,15654,0,FALSE,319,4045,39.09,181-365
1275019760,26/10/2024,29/11/2024,Volkswagen,Tiguan,Diesel,24661,27976,29385,1,FALSE,34,3315,13.44,31-60
1273476129,13/09/2024,16/10/2024,Volkswagen,Golf VII,Benzin,6345,11068,12776,1,FALSE,33,4723,74.44,31-60
1275117311,12/12/2024,,Peugeot,208,Benzin,5159,7446,9691,0,FALSE,323,2287,44.33,181-365
1267215745,18/10/2024,,Mercedes-Benz,GLA-Klasse,Benzin,20451,23461,25613,0,FALSE,378,3010,14.72,365+
1273406659,13/12/2024,20/12/2024,Skoda,Fabia,Benzin,8596,13133,12972,1,FALSE,7,4537,52.78,0-7
1282622426,17/12/2024,,Ford,Focus,Diesel,14882,18235,17570,0,FALSE,318,3353,22.53,181-365
1275902684,10/12/2024,16/12/2024,BMW,4er,Benzin,17029,23966,23312,1,FALSE,6,6937,40.74,0-7
1277529848,27/09/2024,31/10/2024,Skoda,Fabia,Benzin,7905,11176,12034,1,FALSE,34,3271,41.38,31-60
1283668911,09/12/2024,,Nissan,Micra,Benzin,8127,12101,11956,0,FALSE,326,3974,48.9,181-365
1284835751,03/01/2025,,Mercedes-Benz,A-Klasse,Benzin,26633,31728,31500,0,FALSE,301,5095,19.13,181-365
1279559611,07/10/2024,03/01/2025,Mitsubishi,Outlander,Hybrid,18169,20729,21453,1,FALSE,88,2560,14.09,61-90
1280128471,07/11/2024,,Jaguar,F-Pace,Benzin,23541,29298,28768,0,FALSE,358,5757,24.46,181-365
1280086346,10/10/2024,,Renault,Clio,Benzin,9618,11913,12262,0,FALSE,386,2295,23.86,365+
1278923278,28/09/2024,27/11/2024,Fiat,500C,Benzin,11177,13056,14123,1,FALSE,60,1879,16.81,31-60
1280015014,30/09/2024,,Peugeot,108,Benzin,5828,6695,7056,0,FALSE,396,867,14.88,365+
1280408235,10/10/2024,,Kia,XCeed,Hybrid,18649,20617,20159,0,FALSE,386,1968,10.55,365+
1279641863,20/09/2024,04/12/2024,Subaru,Forester,Benzin,23589,25563,26276,1,FALSE,75,1974,8.37,61-90
1281480177,08/11/2024,04/12/2024,Volkswagen,Golf VIII,Diesel,19840,26434,28188,1,FALSE,26,6594,33.24,15-30
1281642257,23/10/2024,,Seat,Ibiza,Benzin,13466,17047,17082,0,FALSE,373,3581,26.59,365+
1281724483,28/10/2024,06/11/2024,Opel,Astra,Benzin,11279,16874,15561,1,FALSE,9,5595,49.61,Aug-14
1281493914,05/12/2024,03/01/2025,Hyundai,i30,Diesel,11678,16456,16772,1,FALSE,29,4778,40.91,15-30
1282455473,18/11/2024,08/01/2025,BMW,X1,Benzin,20887,24883,25390,1,FALSE,51,3996,19.13,31-60
1282870077,28/11/2024,,Skoda,Karoq,Benzin,13512,19653,19137,0,FALSE,337,6141,45.45,181-365
1283145192,09/12/2024,,Volkswagen,Golf VII,Benzin,15824,18060,17705,0,FALSE,326,2236,14.13,181-365
1282701317,20/11/2024,,Ford,Focus,Benzin,15789,23772,23623,0,FALSE,345,7983,50.56,181-365
1280589307,23/12/2024,,MINI,MINI,Benzin,13657,18977,20577,0,FALSE,312,5320,38.95,181-365
1275992804,23/10/2024,,Audi,A4,Benzin,18499,24808,24100,0,FALSE,373,6309,34.1,365+
1280693251,08/11/2024,,Renault,Captur,Benzin,9377,12541,13026,0,FALSE,357,3164,33.74,181-365
1283187521,20/11/2024,,Seat,Leon,Benzin,12162,16982,18316,0,FALSE,345,4820,39.63,181-365
1276181304,09/10/2024,10/10/2024,Mercedes-Benz,A-Klasse,Diesel,10796,17418,17392,1,FALSE,1,6622,61.34,0-7
1281751057,05/11/2024,12/11/2024,Renault,Clio,Benzin,10470,16267,14953,1,FALSE,7,5797,55.37,0-7
1278956487,24/10/2024,02/12/2024,Peugeot,5008,Diesel,18625,27188,26690,1,FALSE,39,8563,45.98,31-60
1276443126,22/11/2024,,Renault,Clio,Benzin,6449,9907,10898,0,FALSE,343,3458,53.62,181-365
1280243530,23/10/2024,25/10/2024,MINI,MINI,Benzin,6348,10307,12252,1,FALSE,2,3959,62.37,0-7
1280354053,02/11/2024,31/12/2024,Renault,Scenic,Benzin,8751,11338,10824,1,FALSE,59,2587,29.56,31-60
1280547586,25/10/2024,04/01/2025,Volkswagen,Golf VII Sportsvan,Benzin,15899,19602,19159,1,FALSE,71,3703,23.29,61-90
1284305102,20/12/2024,,Hyundai,i10,Benzin,9944,16739,15248,0,FALSE,315,6795,68.33,181-365
1272007263,16/10/2024,,Volkswagen,Golf VII,Benzin,15003,19915,19364,0,FALSE,380,4912,32.74,365+
1282988314,02/12/2024,05/12/2024,Dacia,Sandero,Benzin,5985,10503,11810,1,FALSE,3,4518,75.49,0-7
1283791915,05/12/2024,,Nissan,Micra,Benzin,3657,8901,10394,0,FALSE,330,5244,143.4,181-365
1280311295,04/11/2024,,Ford,Kuga,Benzin,11019,17281,16928,0,FALSE,361,6262,56.83,181-365
1283403763,31/12/2024,,Renault,Clio,Benzin,8356,14210,13515,0,FALSE,304,5854,70.06,181-365
1282362421,15/11/2024,27/11/2024,BMW,X6,Diesel,31429,39724,41870,1,FALSE,12,8295,26.39,Aug-14
1284303284,08/01/2025,,Volkswagen,T-Roc,Benzin,21913,27595,27539,0,FALSE,296,5682,25.93,181-365
1281165570,16/11/2024,,Volkswagen,Passat,Hybrid,18990,25626,24283,0,FALSE,349,6636,34.94,181-365
1281241314,10/11/2024,,Volkswagen,up!,Benzin,3846,8988,7641,0,FALSE,355,5142,133.7,181-365
1279065552,27/09/2024,31/10/2024,Mercedes-Benz,CLA-Klasse,Benzin,27650,33836,,1,FALSE,34,6186,22.37,31-60
1279755005,23/09/2024,05/12/2024,Dacia,Sandero,Benzin,6246,10008,8473,1,FALSE,73,3762,60.23,61-90
1281029058,16/10/2024,,Ford,Kuga,Benzin,12117,16407,17965,0,FALSE,380,4290,35.4,365+
1278674105,20/09/2024,17/12/2024,Fiat,500C,Benzin,3549,7667,6449,1,FALSE,88,4118,116.03,61-90
1280210217,09/11/2024,19/12/2024,Skoda,Yeti,Benzin,12093,15636,14449,1,FALSE,40,3543,29.3,31-60
1281860506,07/01/2025,,Mercedes-Benz,A-Klasse,Benzin,18094,24407,25536,0,FALSE,297,6313,34.89,181-365
1282464702,11/11/2024,,Volkswagen,Tiguan,Benzin,21029,26739,27791,0,FALSE,354,5710,27.15,181-365
1282470418,15/11/2024,,Volkswagen,Golf VII,Benzin,8231,11215,10869,0,FALSE,350,2984,36.25,181-365
1282480735,29/11/2024,07/01/2025,Ford,S-Max,Diesel,11262,15542,16281,1,FALSE,39,4280,38,31-60
1280471887,17/10/2024,,Skoda,Octavia,Benzin,14858,17902,19742,0,FALSE,379,3044,20.49,365+
1283527730,13/12/2024,09/01/2025,Hyundai,i20,Benzin,5032,9786,11078,1,FALSE,27,4754,94.48,15-30
1281801090,08/11/2024,,Audi,Q2,Benzin,20110,24316,24555,0,FALSE,357,4206,20.91,181-365
1273256280,05/12/2024,,BMW,1er,Benzin,7690,11068,12213,0,FALSE,330,3378,43.93,181-365
1282405226,18/11/2024,,BMW,X1,Benzin,19155,24908,24332,0,FALSE,347,5753,30.03,181-365
1271592180,04/10/2024,22/10/2024,Opel,Grandland X,Hybrid,16224,22454,22520,1,FALSE,18,6230,38.4,15-30
1278506519,24/09/2024,25/11/2024,Volkswagen,Polo,Benzin,17152,18270,18707,1,FALSE,62,1118,6.52,61-90
1239479290,03/12/2024,06/01/2025,Toyota,RAV 4,Hybrid,16136,21523,21317,1,FALSE,34,5387,33.38,31-60
1252672991,04/10/2024,,BMW,4er,Benzin,28354,31252,32771,0,FALSE,392,2898,10.22,365+
1252883877,04/10/2024,19/10/2024,Skoda,Octavia,Benzin,28482,32455,34243,1,FALSE,15,3973,13.95,15-30
1277970079,20/09/2024,24/09/2024,BMW,4er,Benzin,25892,34419,35251,1,FALSE,4,8527,32.93,0-7
1268853320,09/11/2024,,Hyundai,i10,Benzin,6389,10470,10172,0,FALSE,356,4081,63.88,181-365
1280144626,23/10/2024,,Audi,A4,Diesel,29359,30476,31912,0,FALSE,373,1117,3.8,365+
1281381132,24/10/2024,28/12/2024,Ford,C-Max,Benzin,6049,9558,9289,1,FALSE,65,3509,58.01,61-90
1254998487,24/09/2024,30/11/2024,Volkswagen,Passat,Diesel,14187,15449,17408,1,FALSE,67,1262,8.9,61-90
1281622401,22/11/2024,,Volkswagen,Golf VII,Benzin,14206,19010,20468,0,FALSE,343,4804,33.82,181-365
1271404428,04/10/2024,09/01/2025,Audi,TT,Benzin,19743,23934,24623,1,FALSE,97,4191,21.23,91-180
1282848137,04/12/2024,,Toyota,Yaris,Hybrid,15498,17997,19700,0,FALSE,331,2499,16.12,181-365
1274552636,19/11/2024,,Audi,Q3,Diesel,22047,26772,27680,0,FALSE,346,4725,21.43,181-365
1274829962,24/09/2024,19/12/2024,Mercedes-Benz,GLC-Klasse,Benzin,33154,35162,37227,1,FALSE,86,2008,6.06,61-90
1275077934,17/09/2024,24/09/2024,Opel,Insignia Sports Tourer,Diesel,12697,16770,14895,1,FALSE,7,4073,32.08,0-7
1264048440,27/09/2024,05/12/2024,Audi,A5,Benzin,25925,27499,28021,1,FALSE,69,1574,6.07,61-90
1274315919,29/10/2024,,Hyundai,Tucson,Benzin,16374,22165,22099,0,FALSE,367,5791,35.37,365+
1276975360,19/09/2024,09/12/2024,BMW,1er,Benzin,19846,23793,23319,1,FALSE,81,3947,19.89,61-90
1278789513,06/11/2024,31/12/2024,BMW,X3,Diesel,18677,22178,22825,1,FALSE,55,3501,18.74,31-60
1278912442,23/10/2024,,Hyundai,i30,Benzin,14490,15879,17220,0,FALSE,373,1389,9.59,365+
1283381773,04/12/2024,,Renault,Clio,Benzin,4208,10756,9463,0,FALSE,331,6548,155.61,181-365
1279221458,19/09/2024,26/11/2024,Seat,Leon,Benzin,12977,16894,16818,1,FALSE,68,3917,30.18,61-90
1279699066,04/11/2024,,Volkswagen,T6 Caravelle,Diesel,30851,35417,34893,0,FALSE,361,4566,14.8,181-365
1277616792,17/09/2024,21/09/2024,Mazda,CX-5,Diesel,15367,18860,19445,1,FALSE,4,3493,22.73,0-7
1279439893,09/10/2024,09/10/2024,Suzuki,Jimny,Benzin,20750,27920,27995,1,FALSE,0,7170,34.55,0-7
1277421208,15/10/2024,,Seat,Ateca,Benzin,20298,25600,25230,0,FALSE,381,5302,26.12,365+
1282763617,13/09/2024,16/09/2024,Volkswagen,Polo,Benzin,10902,12699,13426,1,FALSE,3,1797,16.48,0-7
1278901519,07/10/2024,,Opel,Mokka X,Benzin,10719,13075,12695,0,FALSE,389,2356,21.98,365+
1281716691,13/11/2024,03/12/2024,Ford,EcoSport,Benzin,12772,16098,16593,1,FALSE,20,3326,26.04,15-30
1281826088,04/11/2024,28/11/2024,Audi,A4,Benzin,16808,21940,20931,1,FALSE,24,5132,30.53,15-30
1279860644,30/09/2024,05/12/2024,Volkswagen,Golf VII,Diesel,10844,13045,14514,1,FALSE,66,2201,20.3,61-90
1279782239,13/12/2024,19/12/2024,Mercedes-Benz,A-Klasse Limousine,Diesel,18199,26846,27404,1,FALSE,6,8647,47.51,0-7
1281963621,10/11/2024,27/12/2024,BMW,X3,Benzin,31540,35815,34436,1,FALSE,47,4275,13.55,31-60
1282218659,15/11/2024,,Volvo,V60,Diesel,11769,15639,14249,0,FALSE,350,3870,32.88,181-365
1284215680,18/12/2024,,Hyundai,i20,Benzin,5391,10069,10144,0,FALSE,317,4678,86.77,181-365
1285059874,09/01/2025,,Smart,fortwo,Benzin,10067,14247,14127,0,FALSE,295,4180,41.52,181-365
1277348993,20/09/2024,28/11/2024,BMW,X1,Benzin,25579,28052,29031,1,FALSE,69,2473,9.67,61-90
1277409439,24/09/2024,,Toyota,Aygo,Benzin,5832,9980,9158,0,FALSE,402,4148,71.12,365+
1281183563,15/11/2024,,Renault,Grand Scenic,Diesel,10947,16133,15297,0,FALSE,350,5186,47.37,181-365
1280719666,18/10/2024,,Volkswagen,Golf VII,Benzin,10464,14136,13694,0,FALSE,378,3672,35.09,365+
1283238160,20/12/2024,,MINI,MINI,Benzin,12667,17426,18518,0,FALSE,315,4759,37.57,181-365
1276712037,23/09/2024,26/11/2024,Volkswagen,Tiguan,Diesel,16956,21031,20147,1,FALSE,64,4075,24.03,61-90
1280547359,01/11/2024,25/11/2024,Jeep,Cherokee,Diesel,13038,19242,21380,1,FALSE,24,6204,47.58,15-30
1282835530,14/11/2024,27/11/2024,Volkswagen,T-Roc,Benzin,15593,18919,19472,1,FALSE,13,3326,21.33,Aug-14
1284173393,11/12/2024,,Hyundai,Kona,Benzin,12035,14027,13630,0,FALSE,324,1992,16.55,181-365
1284744203,19/12/2024,,Ford,Kuga,Benzin,11542,15617,15686,0,FALSE,316,4075,35.31,181-365
1279041390,04/10/2024,31/12/2024,MINI,MINI,Benzin,7599,12157,11393,1,FALSE,88,4558,59.98,61-90
1283197982,26/11/2024,,Toyota,Auris Touring Sports,Benzin,8907,13210,15309,0,FALSE,339,4303,48.31,181-365
1279583420,08/10/2024,18/11/2024,Opel,Cascada,Diesel,8177,11404,10299,1,FALSE,41,3227,39.46,31-60
1280765903,22/10/2024,23/12/2024,Opel,Karl,Benzin,9468,10905,12580,1,FALSE,62,1437,15.18,61-90
1283639192,05/12/2024,,Smart,fortwo,Benzin,13465,18991,17998,0,FALSE,330,5526,41.04,181-365
1281138624,21/10/2024,28/10/2024,Kia,Rio,Diesel,6845,9757,10271,1,FALSE,7,2912,42.54,0-7
1283662307,06/12/2024,14/12/2024,Ford,Focus,Benzin,,13068,13475,1,TRUE,8,,,Aug-14
1284298764,24/12/2024,,BMW,4er,Benzin,19676,24823,26200,0,FALSE,311,5147,26.16,181-365
1280182563,27/09/2024,,Volkswagen,Polo,Benzin,9652,12262,13372,0,FALSE,399,2610,27.04,365+
1281394579,18/11/2024,11/12/2024,Audi,A3 Limousine,Benzin,14109,18911,19038,1,FALSE,23,4802,34.04,15-30
1279845960,05/10/2024,06/12/2024,BMW,2er,Diesel,15220,17481,18812,1,FALSE,62,2261,14.86,61-90
1280273764,02/10/2024,30/12/2024,Volkswagen,Tiguan,Benzin,21612,24858,23828,1,FALSE,89,3246,15.02,61-90
1281041661,23/10/2024,08/01/2025,MINI,MINI,Benzin,8759,14160,13068,1,FALSE,77,5401,61.66,61-90
1280361541,23/10/2024,09/01/2025,Cupra,Formentor,Benzin,28047,32348,32297,1,FALSE,78,4301,15.33,61-90
1283246141,05/12/2024,,MINI,Clubman,Benzin,29068,32282,33902,0,FALSE,330,3214,11.06,181-365
1280614352,22/10/2024,,Mercedes-Benz,C-Klasse,Benzin,28062,32625,32792,0,FALSE,374,4563,16.26,365+
1270488863,18/12/2024,,Jaguar,E-Pace,Benzin,21621,27819,29282,0,FALSE,317,6198,28.67,181-365
1276688317,04/11/2024,,Jaguar,E-Pace,Benzin,16746,22553,22875,0,FALSE,361,5807,34.68,181-365
1283194948,06/12/2024,,Mercedes-Benz,GLE-Klasse,Benzin,34393,40370,40970,0,FALSE,329,5977,17.38,181-365
1283197275,27/11/2024,,Volkswagen,T-Roc,Benzin,13670,17577,17976,0,FALSE,338,3907,28.58,181-365
1281494587,13/11/2024,18/11/2024,Citroen,Jumpy,Diesel,15952,22178,22930,1,FALSE,5,6226,39.03,0-7
1281147491,18/12/2024,,Opel,Insignia Grand Sport,Diesel,13228,15869,17199,0,FALSE,317,2641,19.97,181-365
1277642938,22/10/2024,31/10/2024,Dacia,Duster,Diesel,6658,11150,12438,1,FALSE,9,4492,67.47,Aug-14
1282618151,12/12/2024,,Skoda,Octavia,Benzin,18848,26212,26969,0,FALSE,323,7364,39.07,181-365
1262841853,20/09/2024,18/10/2024,Mitsubishi,Outlander,Hybrid,12641,18828,17889,1,FALSE,28,6187,48.94,15-30
1284709496,19/12/2024,,Mercedes-Benz,B-Klasse,Hybrid,18737,25281,26745,0,FALSE,316,6544,34.93,181-365
1219595998,16/09/2024,19/09/2024,Mazda,CX-3,Diesel,7389,11637,10826,1,FALSE,3,4248,57.49,0-7
1212681520,11/10/2024,10/12/2024,Renault,Twingo,Benzin,6497,8190,10000,1,FALSE,60,1693,26.06,31-60
1257776010,22/10/2024,13/11/2024,Volvo,XC60,Diesel,23040,30183,30217,1,FALSE,22,7143,31,15-30
1277541763,06/01/2025,,Skoda,Kodiaq,Benzin,23656,28248,28606,0,FALSE,298,4592,19.41,181-365
1267591559,11/12/2024,,Seat,Ibiza,Benzin,10571,13028,14132,0,FALSE,324,2457,23.24,181-365
1271632754,01/10/2024,13/12/2024,Seat,Ibiza,Benzin,8752,11062,12945,1,FALSE,73,2310,26.39,61-90
1271932066,15/10/2024,02/01/2025,Volkswagen,T-Roc,Diesel,16549,21352,20216,1,FALSE,79,4803,29.02,61-90
1283956288,24/12/2024,,Volkswagen,Tiguan,Benzin,20685,27222,25814,0,FALSE,311,6537,31.6,181-365
1265257525,18/11/2024,,Suzuki,Swift,Benzin,15688,20939,19763,0,FALSE,347,5251,33.47,181-365
1276917600,20/09/2024,02/11/2024,Volkswagen,Golf VII,Benzin,5918,12495,11210,1,FALSE,43,6577,111.14,31-60
1282777356,20/11/2024,08/01/2025,Opel,Astra,Benzin,9003,13283,15329,1,FALSE,49,4280,47.54,31-60
1283137042,22/11/2024,,Skoda,Fabia,Benzin,4774,7895,9942,0,FALSE,343,3121,65.37,181-365
1278434304,14/09/2024,06/12/2024,Audi,A5,Benzin,23007,23726,26056,1,FALSE,83,719,3.13,61-90
1277936431,23/09/2024,16/12/2024,Mercedes-Benz,A-Klasse,Diesel,13926,13998,15620,1,FALSE,84,72,0.52,61-90
1280478777,29/11/2024,,Nissan,Qashqai,Benzin,12792,20280,18662,0,FALSE,336,7488,58.54,181-365
1279034594,25/09/2024,17/12/2024,Volkswagen,Golf VII,Diesel,12263,14904,14685,1,FALSE,83,2641,21.54,61-90
1280337433,24/10/2024,09/01/2025,Mercedes-Benz,CLA-Klasse,Benzin,21459,26018,25366,1,FALSE,77,4559,21.25,61-90
1280905491,04/11/2024,,Volkswagen,up!,Benzin,14637,16649,17733,0,FALSE,361,2012,13.75,181-365
1248967388,18/12/2024,,Audi,A6,Diesel,20744,27728,25941,0,FALSE,317,6984,33.67,181-365
1281300267,04/11/2024,,Volkswagen,Caddy,Diesel,17388,23356,24174,0,FALSE,361,5968,34.32,181-365
1280906790,13/12/2024,16/12/2024,Renault,Espace,Diesel,13770,17053,16444,1,FALSE,3,3283,23.84,0-7
1282281039,08/11/2024,06/01/2025,Peugeot,508,Diesel,15107,20611,20892,1,FALSE,59,5504,36.43,31-60
1282215248,09/11/2024,,BMW,2er,Hybrid,13646,17710,17330,0,FALSE,356,4064,29.78,181-365
1279349700,08/11/2024,09/11/2024,Toyota,Corolla,Hybrid,14878,20968,21815,1,FALSE,1,6090,40.93,0-7
1280965102,06/11/2024,,Mitsubishi,Space Star,Benzin,3241,7639,6803,0,FALSE,359,4398,135.7,181-365
1279538541,01/10/2024,,Audi,TT,Benzin,17514,22970,23954,0,FALSE,395,5456,31.15,365+
1251125158,14/09/2024,14/12/2024,Ford,Focus,Benzin,16486,19323,19706,1,FALSE,91,2837,17.21,91-180
1280523945,12/11/2024,,Citroen,C3 Aircross,Benzin,11760,14651,15224,0,FALSE,353,2891,24.58,181-365
1278558667,27/09/2024,02/11/2024,Mercedes-Benz,E-Klasse,Diesel,32209,37552,37988,1,FALSE,36,5343,16.59,31-60
1283562568,06/12/2024,,Audi,A3,Benzin,12768,16289,16613,0,FALSE,329,3521,27.58,181-365
1271168780,09/11/2024,,Peugeot,5008,Diesel,21278,26144,24528,0,FALSE,356,4866,22.87,181-365
1275937707,02/10/2024,15/11/2024,Ford,Focus,Benzin,15656,17567,17978,1,FALSE,44,1911,12.21,31-60
1280873986,05/12/2024,,Ford,Tourneo Custom,Diesel,30936,35799,35743,0,FALSE,330,4863,15.72,181-365
1284323336,13/12/2024,,Seat,Leon,Benzin,6167,11455,11465,0,FALSE,322,5288,85.75,181-365
1270196012,02/10/2024,14/11/2024,Ford,Mondeo,Diesel,15759,20541,19387,1,FALSE,43,4782,30.34,31-60
1281754141,16/12/2024,,Mercedes-Benz,A-Klasse,Benzin,11467,18199,18030,0,FALSE,319,6732,58.71,181-365
1281644777,09/11/2024,,Volkswagen,Golf VII,Benzin,11320,16015,17236,0,FALSE,356,4695,41.48,181-365
1281705690,28/10/2024,23/12/2024,Toyota,Aygo,Benzin,9262,10207,9969,1,FALSE,56,945,10.2,31-60
1282440372,10/11/2024,,Volkswagen,Touran,Benzin,12220,15011,16507,0,FALSE,355,2791,22.84,181-365
1281858777,30/10/2024,12/11/2024,Audi,A3 Limousine,Benzin,13935,19934,19970,1,FALSE,13,5999,43.05,Aug-14
1283551074,04/12/2024,,Volkswagen,Golf VII Sportsvan,Benzin,6612,10741,10209,0,FALSE,331,4129,62.45,181-365
1270806078,30/10/2024,07/11/2024,Toyota,C-HR,Hybrid,12681,16391,17937,1,FALSE,8,3710,29.26,Aug-14
1282428174,18/11/2024,,Kia,pro_cee'd,Benzin,17840,23781,23306,0,FALSE,347,5941,33.3,181-365
1282756418,18/11/2024,,Renault,Clio,Benzin,6950,13399,13869,0,FALSE,347,6449,92.79,181-365
1279156979,19/09/2024,,Peugeot,3008,Diesel,16316,19774,21999,0,FALSE,407,3458,21.19,365+
1282845100,19/11/2024,02/01/2025,Mercedes-Benz,GLC-Klasse,Diesel,23494,28100,30174,1,FALSE,44,4606,19.61,31-60
1283469536,09/12/2024,,BMW,X2,Benzin,19728,27398,28886,0,FALSE,326,7670,38.88,181-365
1280236954,04/10/2024,25/10/2024,Volkswagen,Scirocco,Benzin,12777,17072,16930,1,FALSE,21,4295,33.62,15-30
1277696784,06/12/2024,09/12/2024,Skoda,Fabia,Benzin,7973,12555,11872,1,FALSE,3,4582,57.47,0-7
1278573691,29/11/2024,,BMW,1er,Benzin,12591,18138,17340,0,FALSE,336,5547,44.06,181-365
1283632212,04/12/2024,,Renault,Clio,Benzin,8393,12194,12313,0,FALSE,331,3801,45.29,181-365
1279321364,20/09/2024,26/09/2024,Dacia,Sandero,Benzin,8310,13111,11882,1,FALSE,6,4801,57.77,0-7
1284073399,20/12/2024,,Volkswagen,Golf VII,Diesel,9559,14294,13870,0,FALSE,315,4735,49.53,181-365
1280327361,14/11/2024,30/12/2024,Seat,Leon,Benzin,11781,16624,17293,1,FALSE,46,4843,41.11,31-60
1274241554,30/10/2024,,Skoda,Citigo,Benzin,6423,11241,11950,0,FALSE,366,4818,75.01,365+
1280083346,19/09/2024,,Volkswagen,Arteon,Benzin,21867,25900,25729,0,FALSE,407,4033,18.44,365+
1280993680,06/11/2024,,Renault,Megane,Diesel,10271,12143,13781,0,FALSE,359,1872,18.23,181-365
1280842318,14/10/2024,,Skoda,Fabia,Benzin,6980,11116,12590,0,FALSE,382,4136,59.26,365+
1280036878,30/09/2024,30/10/2024,Hyundai,i30,Benzin,14578,19051,19065,1,FALSE,30,4473,30.68,15-30
1279958967,25/09/2024,30/12/2024,Nissan,Juke,Benzin,13885,17312,17836,1,FALSE,96,3427,24.68,91-180
1281299397,16/12/2024,02/01/2025,Ford,Kuga,Diesel,14141,18703,16954,1,FALSE,17,4562,32.26,15-30
1284916329,08/01/2025,,Renault,Captur,Benzin,9243,12523,13107,0,FALSE,296,3280,35.49,181-365
1280762822,24/10/2024,,Volkswagen,Tiguan,Benzin,6066,12039,10284,0,FALSE,372,5973,98.47,365+
1281338055,28/10/2024,,Hyundai,Tucson,Benzin,11691,15946,16151,0,FALSE,368,4255,36.4,365+
1281825394,30/10/2024,,Seat,Leon,Benzin,11202,14098,14833,0,FALSE,366,2896,25.85,365+
1283610331,10/01/2025,,Audi,A4,Diesel,12313,19348,20926,0,FALSE,294,7035,57.13,181-365
1282386747,22/11/2024,,Volkswagen,Golf VII,Diesel,14945,19362,19751,0,FALSE,343,4417,29.56,181-365
1279150689,18/09/2024,14/11/2024,Opel,Adam,Benzin,7231,11985,11145,1,FALSE,57,4754,65.74,31-60
1283042413,28/11/2024,02/12/2024,Audi,A4,Diesel,13374,16999,18811,1,FALSE,4,3625,27.1,0-7
1283091692,04/12/2024,,Cupra,Formentor,Benzin,23643,28606,27154,0,FALSE,331,4963,20.99,181-365
1273083475,24/09/2024,,Renault,Captur,Benzin,8381,11016,11592,0,FALSE,402,2635,31.44,365+
1259696480,09/10/2024,23/12/2024,Volkswagen,Touran,Benzin,16669,21051,22357,1,FALSE,75,4382,26.29,61-90
1279186152,12/10/2024,27/11/2024,Skoda,Superb,Diesel,18686,23733,24624,1,FALSE,46,5047,27.01,31-60
1281382130,07/11/2024,,Mitsubishi,Eclipse Cross,Benzin,,16175,15454,0,TRUE,358,,,181-365
1275167846,11/10/2024,27/12/2024,Ford,Focus,Diesel,7537,11627,13455,1,FALSE,77,4090,54.27,61-90
1261982115,18/11/2024,11/12/2024,Renault,Captur,Benzin,10710,14146,13715,1,FALSE,23,3436,32.08,15-30
1279681847,07/10/2024,29/11/2024,Volkswagen,Passat,Diesel,20003,22546,24092,1,FALSE,53,2543,12.71,31-60
1265184330,19/11/2024,20/11/2024,Toyota,Prius+,Hybrid,17060,21982,22187,1,FALSE,1,4922,28.85,0-7
1279885783,04/10/2024,27/11/2024,Suzuki,Swift,Benzin,8158,13389,13469,1,FALSE,54,5231,64.12,31-60
1281589093,23/10/2024,,Volkswagen,Tiguan Allspace,Diesel,23396,29838,30508,0,FALSE,373,6442,27.53,365+
1283365756,28/11/2024,,Jeep,Renegade,Benzin,11055,17823,17576,0,FALSE,337,6768,61.22,181-365
1275894877,28/12/2024,06/01/2025,Skoda,Fabia,Benzin,4868,9341,10407,1,FALSE,9,4473,91.89,Aug-14
1277105999,01/11/2024,,Volkswagen,Tiguan Allspace,Benzin,30466,32601,31832,0,FALSE,364,2135,7.01,181-365
1271142809,20/09/2024,04/01/2025,Mercedes-Benz,CLA-Klasse,Benzin,17777,20260,21336,1,FALSE,106,2483,13.97,91-180
1278991293,16/09/2024,27/11/2024,Opel,Adam,Benzin,8006,10105,9254,1,FALSE,72,2099,26.22,61-90
1278765014,08/10/2024,01/11/2024,Kia,cee'd,Benzin,8702,14219,14550,1,FALSE,24,5517,63.4,15-30
1279414504,04/10/2024,27/11/2024,Mercedes-Benz,E-Klasse,Diesel,21909,26149,26666,1,FALSE,54,4240,19.35,31-60
1279641079,04/10/2024,30/12/2024,Renault,Captur,Benzin,9712,11665,12656,1,FALSE,87,1953,20.11,61-90
1280055813,24/09/2024,20/12/2024,Seat,Ibiza,Benzin,10051,13750,12429,1,FALSE,87,3699,36.8,61-90
1280622389,09/10/2024,04/12/2024,Volkswagen,Golf VII Sportsvan,Benzin,11647,16926,16463,1,FALSE,56,5279,45.32,31-60
1280644325,16/10/2024,10/12/2024,Mazda,3,Benzin,6534,11516,13284,1,FALSE,55,4982,76.25,31-60
1279546550,27/09/2024,,Mercedes-Benz,CLA-Klasse,Benzin,29308,34366,32358,0,FALSE,399,5058,17.26,365+
1280985661,16/11/2024,,BMW,1er,Benzin,12950,16987,18727,0,FALSE,349,4037,31.17,181-365
1272223997,29/10/2024,,Volkswagen,Golf VII,Diesel,12955,15176,15190,0,FALSE,367,2221,17.14,365+
1281773073,24/10/2024,,Skoda,Scala,Benzin,10632,13500,14669,0,FALSE,372,2868,26.98,365+
1282054003,29/10/2024,,Audi,A4,Diesel,18471,24798,23266,0,FALSE,367,6327,34.25,365+
1282277476,13/11/2024,13/11/2024,BMW,X1,Diesel,16466,18832,19342,1,FALSE,0,2366,14.37,0-7
1271112733,16/10/2024,,Opel,Karl,Benzin,6447,8074,8260,0,FALSE,380,1627,25.24,365+
1282636042,06/12/2024,,Renault,Megane,Benzin,12208,18223,19484,0,FALSE,329,6015,49.27,181-365
1279234180,24/10/2024,04/11/2024,Ford,Focus,Diesel,12971,19151,19485,1,FALSE,11,6180,47.64,Aug-14
1282736755,28/11/2024,,BMW,X1,Benzin,15780,20367,20747,0,FALSE,337,4587,29.07,181-365
1283269844,28/11/2024,,BMW,3er,Diesel,22693,28596,29903,0,FALSE,337,5903,26.01,181-365
1282021690,18/11/2024,23/12/2024,Opel,Mokka X,Benzin,9430,14834,16899,1,FALSE,35,5404,57.31,31-60
1284206046,18/12/2024,,Volkswagen,Golf VII,Benzin,7828,12912,13416,0,FALSE,317,5084,64.95,181-365
1284141160,06/12/2024,,Audi,A1,Benzin,12846,17736,17908,0,FALSE,329,4890,38.07,181-365
1280233064,06/12/2024,,Hyundai,i20,Benzin,4530,8623,8119,0,FALSE,329,4093,90.35,181-365
1271296067,09/01/2025,,Mercedes-Benz,GLS-Klasse,Diesel,43397,54540,54662,0,FALSE,295,11143,25.68,181-365
1281032710,29/10/2024,,Skoda,Rapid Spaceback,Benzin,7337,10341,12236,0,FALSE,367,3004,40.94,365+
1281616416,06/12/2024,,Audi,A4,Diesel,18732,24161,24740,0,FALSE,329,5429,28.98,181-365
1280888496,09/11/2024,,Ford,Edge,Diesel,23544,29286,30259,0,FALSE,356,5742,24.39,181-365
1282016882,20/11/2024,,Volkswagen,Tiguan Allspace,Diesel,23767,26791,26492,0,FALSE,345,3024,12.72,181-365
1283264990,08/01/2025,,Toyota,Aygo,Benzin,4879,9521,8694,0,FALSE,296,4642,95.14,181-365
1267466225,13/09/2024,29/11/2024,Mercedes-Benz,E-Klasse,Benzin,24776,26892,28052,1,FALSE,77,2116,8.54,61-90
1280426966,04/10/2024,27/12/2024,Kia,pro_cee'd,Benzin,13648,18926,18410,1,FALSE,84,5278,38.67,61-90
1279818064,27/09/2024,16/10/2024,Opel,Insignia,Benzin,16967,22548,23220,1,FALSE,19,5581,32.89,15-30
1280614479,12/10/2024,01/11/2024,Renault,Twingo,Benzin,5827,7536,7317,1,FALSE,20,1709,29.33,15-30
1282643378,19/12/2024,,Mercedes-Benz,A-Klasse Limousine,Hybrid,20685,26813,28295,0,FALSE,316,6128,29.63,181-365
1278961211,13/11/2024,,Hyundai,Tucson,Benzin,13182,15754,17264,0,FALSE,352,2572,19.51,181-365
1279597507,21/11/2024,,Cupra,Formentor,Benzin,25326,29974,29110,0,FALSE,344,4648,18.35,181-365
1279885117,15/10/2024,28/11/2024,Opel,Corsa,Benzin,5631,9009,9662,1,FALSE,44,3378,59.99,31-60
1279465388,25/10/2024,22/11/2024,Ford,Kuga,Benzin,8265,13700,12924,1,FALSE,28,5435,65.76,15-30
1280918459,30/10/2024,08/01/2025,Mitsubishi,ASX,Benzin,5523,12137,11378,1,FALSE,70,6614,119.75,61-90
1279669412,25/09/2024,05/12/2024,Fiat,Panda,Benzin,4383,6422,5685,1,FALSE,71,2039,46.52,61-90
1280621001,11/10/2024,,Volkswagen,Touran,Benzin,20323,23056,24174,0,FALSE,385,2733,13.45,365+
1280321358,27/09/2024,09/01/2025,Peugeot,Rifter,Benzin,14909,17113,17391,1,FALSE,104,2204,14.78,91-180
1280540693,06/11/2024,,Honda,Civic,Benzin,9229,12458,13890,0,FALSE,359,3229,34.99,181-365
1279855564,04/10/2024,04/01/2025,BMW,X1,Benzin,14143,20109,19596,1,FALSE,92,5966,42.18,91-180
1279999906,06/12/2024,,Volkswagen,Touran,Benzin,21768,26246,24968,0,FALSE,329,4478,20.57,181-365
1280220528,08/10/2024,,Toyota,Yaris,Hybrid,8426,12544,11921,0,FALSE,388,4118,48.87,365+
1280577259,10/10/2024,,Nissan,X-Trail,Diesel,11389,13974,16128,0,FALSE,386,2585,22.7,365+
1280607543,09/11/2024,,BMW,X3,Hybrid,36105,38677,40207,0,FALSE,356,2572,7.12,181-365
1280869535,22/10/2024,18/12/2024,Opel,Corsa,Benzin,5552,9981,9032,1,FALSE,57,4429,79.77,31-60
1281959001,05/11/2024,,Volvo,V60,Diesel,20554,26156,25128,0,FALSE,360,5602,27.26,181-365
1282340281,29/11/2024,,Mercedes-Benz,GLA-Klasse,Diesel,11546,18289,18641,0,FALSE,336,6743,58.4,181-365
1282051986,22/11/2024,,Opel,Grandland X,Benzin,8977,14653,15395,0,FALSE,343,5676,63.23,181-365
1281766993,24/10/2024,,Volkswagen,Golf VII,Benzin,8854,12418,12205,0,FALSE,372,3564,40.25,365+
1281347040,14/11/2024,,Ford,S-Max,Benzin,15752,19035,18508,0,FALSE,351,3283,20.84,181-365
1281873656,25/10/2024,,Smart,fortwo,Benzin,5014,9527,8654,0,FALSE,371,4513,90.01,365+
1282038909,09/11/2024,,Volkswagen,Polo,Benzin,12165,14279,15149,0,FALSE,356,2114,17.38,181-365
1278427390,20/09/2024,01/10/2024,Volkswagen,Tiguan,Benzin,8068,13653,12060,1,FALSE,11,5585,69.22,Aug-14
1281864918,08/11/2024,,Toyota,C-HR,Benzin,11873,16789,15058,0,FALSE,357,4916,41.4,181-365
1218763403,18/09/2024,14/12/2024,Toyota,Auris Touring Sports,Benzin,8064,11086,12923,1,FALSE,87,3022,37.48,61-90
1252875119,13/11/2024,,Citroen,C5 Aircross,Diesel,13243,17686,19797,0,FALSE,352,4443,33.55,181-365
1282628235,18/11/2024,,Audi,Q2,Benzin,11749,17286,18010,0,FALSE,347,5537,47.13,181-365
1284095769,27/12/2024,,Opel,Crossland X,Benzin,13421,19624,20150,0,FALSE,308,6203,46.22,181-365
1284131777,13/12/2024,28/12/2024,Mercedes-Benz,GLA-Klasse,Benzin,20352,25069,26982,1,FALSE,15,4717,23.18,15-30
1263372272,03/12/2024,,Mitsubishi,Space Star,Benzin,5985,10966,10456,0,FALSE,332,4981,83.22,181-365
1274062995,02/10/2024,,Hyundai,i30,Benzin,24882,27544,27468,0,FALSE,394,2662,10.7,365+
1278621092,18/09/2024,20/09/2024,BMW,X1,Diesel,19232,22906,22422,1,FALSE,2,3674,19.1,0-7
1275945028,19/09/2024,11/12/2024,Smart,fortwo,Benzin,8618,11927,11695,1,FALSE,83,3309,38.4,61-90
1276421263,19/09/2024,22/10/2024,Hyundai,i20,Benzin,8487,11087,11323,1,FALSE,33,2600,30.64,31-60
1272674794,27/09/2024,21/12/2024,Volkswagen,Tiguan,Benzin,15272,19948,20581,1,FALSE,85,4676,30.62,61-90
1266450615,25/11/2024,,Renault,Clio,Benzin,12227,15093,15465,0,FALSE,340,2866,23.44,181-365
1278427568,15/10/2024,,Mercedes-Benz,GLC-Klasse,Benzin,25901,29865,30324,0,FALSE,381,3964,15.3,365+
1268678549,12/09/2024,12/10/2024,Hyundai,i30,Benzin,15499,22022,22366,1,FALSE,30,6523,42.09,15-30
1270020809,01/10/2024,23/12/2024,Fiat,500C,Benzin,8992,14411,14979,1,FALSE,83,5419,60.26,61-90
1282643005,29/11/2024,,Dacia,Duster,Benzin,10856,16813,15653,0,FALSE,336,5957,54.87,181-365
1277052788,17/09/2024,10/10/2024,Nissan,NV200 Evalia,Diesel,10732,15751,15364,1,FALSE,23,5019,46.77,15-30
1283107736,10/12/2024,,Opel,Corsa,Benzin,3612,8118,8800,0,FALSE,325,4506,124.75,181-365
1277842471,14/10/2024,21/10/2024,Ford,S-Max,Benzin,19081,27352,26735,1,FALSE,7,8271,43.35,0-7
1278912073,22/10/2024,13/11/2024,Opel,Zafira Tourer,Diesel,10014,15955,15620,1,FALSE,22,5941,59.33,15-30
1279095793,17/10/2024,,Volkswagen,T-Roc,Benzin,17741,21371,22532,0,FALSE,379,3630,20.46,365+
1279193674,08/10/2024,,Volkswagen,Golf VII,Benzin,6670,10173,10819,0,FALSE,388,3503,52.52,365+
1279859713,07/10/2024,,BMW,X3,Diesel,32793,39932,39257,0,FALSE,389,7139,21.77,365+
1279917238,25/10/2024,30/10/2024,Ford,Focus,Benzin,6139,9770,10220,1,FALSE,5,3631,59.15,0-7
1279729209,23/09/2024,16/11/2024,Seat,Ibiza,Benzin,7401,12526,11624,1,FALSE,54,5125,69.25,31-60
1274060364,06/11/2024,,Volkswagen,Golf VII,Benzin,11307,13568,14791,0,FALSE,359,2261,20,181-365
1281138969,17/10/2024,,Toyota,Aygo,Benzin,5730,9866,10864,0,FALSE,379,4136,72.18,365+
1279438272,10/12/2024,,Seat,Alhambra,Diesel,22411,28787,29001,0,FALSE,325,6376,28.45,181-365
1272622844,03/12/2024,,Volkswagen,Tiguan,Benzin,9301,13055,12626,0,FALSE,332,3754,40.36,181-365
1279075293,27/09/2024,29/11/2024,Kia,Sportage,Benzin,15047,16427,17568,1,FALSE,63,1380,9.17,61-90
1282358850,18/11/2024,28/11/2024,Volkswagen,T-Roc,Benzin,17956,22951,24081,1,FALSE,10,4995,27.82,Aug-14
1282857382,19/12/2024,02/01/2025,Smart,fortwo,Benzin,11097,14353,15158,1,FALSE,14,3256,29.34,Aug-14
1281221718,25/10/2024,29/10/2024,Toyota,Yaris,Hybrid,6364,11826,13734,1,FALSE,4,5462,85.83,0-7
1283398684,13/12/2024,,Audi,A4,Benzin,14445,22149,20898,0,FALSE,322,7704,53.33,181-365
1276535958,01/10/2024,,Fiat,500,Benzin,7900,11347,9575,0,FALSE,395,3447,43.63,365+
1280042242,26/09/2024,23/10/2024,Hyundai,i30,Benzin,12885,17484,17518,1,FALSE,27,4599,35.69,15-30
1280133695,19/09/2024,,Kia,Stonic,Benzin,12923,13820,13241,0,FALSE,407,897,6.94,365+
1280834410,11/10/2024,04/12/2024,BMW,2er,Diesel,14374,17476,17459,1,FALSE,54,3102,21.58,31-60
1284433083,12/12/2024,,Seat,Leon,Benzin,11167,15696,15022,0,FALSE,323,4529,40.56,181-365
1277609008,25/09/2024,,Mercedes-Benz,C-Klasse,Hybrid,20845,24022,24074,0,FALSE,401,3177,15.24,365+
1277852880,29/10/2024,05/12/2024,Seat,Leon,Diesel,11851,17189,15107,1,FALSE,37,5338,45.04,31-60
1282563284,19/11/2024,,Skoda,Kodiaq,Diesel,19633,26298,28019,0,FALSE,346,6665,33.95,181-365
1279136023,19/12/2024,,Skoda,Fabia,Benzin,7771,13431,14162,0,FALSE,316,5660,72.83,181-365
1277216459,19/12/2024,,Hyundai,i10,Benzin,9733,11994,11931,0,FALSE,316,2261,23.23,181-365
1279668388,08/11/2024,,Hyundai,Tucson,Benzin,14606,20560,20466,0,FALSE,357,5954,40.76,181-365
1280626362,10/10/2024,,BMW,3er,Diesel,15206,21228,19835,0,FALSE,386,6022,39.6,365+
1279035224,17/09/2024,05/12/2024,Volkswagen,Tiguan,Benzin,7471,12458,11405,1,FALSE,79,4987,66.75,61-90
1279259660,19/11/2024,,Volkswagen,Golf VII,Benzin,10722,15146,13559,0,FALSE,346,4424,41.26,181-365
1281698676,16/11/2024,,Ford,Kuga,Hybrid,25480,29010,28769,0,FALSE,349,3530,13.85,181-365
1283207433,19/11/2024,,Toyota,Aygo,Benzin,5524,9545,9912,0,FALSE,346,4021,72.79,181-365
1279858599,30/09/2024,,Smart,fortwo,Benzin,7929,11051,11431,0,FALSE,396,3122,39.37,365+
1283821819,06/12/2024,30/12/2024,Volkswagen,Touran,Diesel,12606,20518,20141,1,FALSE,24,7912,62.76,15-30
1284216187,18/12/2024,,Volkswagen,Golf VII Sportsvan,Benzin,10510,15142,14644,0,FALSE,317,4632,44.07,181-365
1281165211,01/11/2024,,Mercedes-Benz,A-Klasse,Benzin,9976,15910,14560,0,FALSE,364,5934,59.48,181-365
1280301585,23/11/2024,,Skoda,Yeti,Benzin,8678,13266,14444,0,FALSE,342,4588,52.87,181-365
1282618453,13/12/2024,,BMW,3er,Benzin,15831,18478,18816,0,FALSE,322,2647,16.72,181-365
1279774569,18/10/2024,,Opel,Astra,Benzin,12280,14566,15390,0,FALSE,378,2286,18.62,365+
1280669952,22/11/2024,,Opel,Insignia Grand Sport,Diesel,16664,21416,21599,0,FALSE,343,4752,28.52,181-365
1275631063,17/10/2024,12/12/2024,BMW,X5,Diesel,36887,40259,38828,1,FALSE,56,3372,9.14,31-60
1283174712,28/11/2024,08/01/2025,Volkswagen,Golf VII,Benzin,11018,15427,17137,1,FALSE,41,4409,40.02,31-60
1282646097,18/12/2024,,Ford,Kuga,Diesel,17951,23903,24580,0,FALSE,317,5952,33.16,181-365
1282767024,02/12/2024,,Skoda,Kodiaq,Diesel,30143,38118,,0,FALSE,333,7975,26.46,181-365
1279996897,23/10/2024,18/12/2024,Audi,A6,Diesel,28164,30282,31395,1,FALSE,56,2118,7.52,31-60
1280695200,22/10/2024,,Audi,A6,Benzin,14977,18228,17317,0,FALSE,374,3251,21.71,365+
1277732235,11/12/2024,,Volkswagen,Caddy,Diesel,21426,26869,27797,0,FALSE,324,5443,25.4,181-365
1281124954,08/11/2024,20/12/2024,Mercedes-Benz,C-Klasse,Diesel,18563,23391,23509,1,FALSE,42,4828,26.01,31-60
1282685097,05/12/2024,,Volkswagen,Golf VIII,Benzin,14862,20504,19707,0,FALSE,330,5642,37.96,181-365
1284576433,03/01/2025,,Hyundai,Tucson,Benzin,12917,18234,19868,0,FALSE,301,5317,41.16,181-365
1281967175,23/10/2024,28/12/2024,BMW,1er,Benzin,11503,15197,15924,1,FALSE,66,3694,32.11,61-90
1282344444,09/11/2024,,Mercedes-Benz,C-Klasse,Diesel,30670,34773,35396,0,FALSE,356,4103,13.38,181-365
1284627485,24/12/2024,,Ford,Mustang,Benzin,37494,44129,46087,0,FALSE,311,6635,17.7,181-365
1279458787,17/09/2024,19/09/2024,Skoda,Kodiaq,Diesel,29633,37483,38674,1,FALSE,2,7850,26.49,0-7
1215055077,04/10/2024,,Volkswagen,Golf VII,Benzin,16399,19585,20326,0,FALSE,392,3186,19.43,365+
1257118132,27/09/2024,09/10/2024,MINI,Clubman,Benzin,18555,21563,20947,1,FALSE,12,3008,16.21,Aug-14
1263294912,04/12/2024,,Skoda,Octavia,Benzin,13454,15803,15651,0,FALSE,331,2349,17.46,181-365
1279578786,16/10/2024,03/12/2024,Toyota,Aygo,Benzin,7672,8626,8528,1,FALSE,48,954,12.43,31-60
1283454337,27/11/2024,,Volkswagen,Caddy,Diesel,22933,29019,30156,0,FALSE,338,6086,26.54,181-365
1250777427,30/10/2024,,Hyundai,i30,Benzin,18254,21900,22226,0,FALSE,366,3646,19.97,365+
1278811383,16/09/2024,04/10/2024,Volkswagen,Golf VII,Diesel,13016,16964,15754,1,FALSE,18,3948,30.33,15-30
1271362238,25/10/2024,,Mercedes-Benz,GLA-Klasse,Benzin,24646,29422,30424,0,FALSE,371,4776,19.38,365+
1281603266,23/10/2024,,Ford,EcoSport,Diesel,6612,8957,10922,0,FALSE,373,2345,35.47,365+
1279925530,21/10/2024,,Jeep,Renegade,Benzin,10460,17034,16541,0,FALSE,375,6574,62.85,365+
1282409305,16/11/2024,,Skoda,Fabia,Benzin,7685,11320,13653,0,FALSE,349,3635,47.3,181-365
1278703176,16/09/2024,09/12/2024,Hyundai,i20,Benzin,5431,7699,9102,1,FALSE,84,2268,41.76,61-90
1283340844,25/11/2024,,Skoda,Fabia,Benzin,5799,9107,9383,0,FALSE,340,3308,57.04,181-365
1279509339,05/10/2024,,Volvo,S90,Benzin,24430,25717,26504,0,FALSE,391,1287,5.27,365+
1284126455,09/12/2024,,Fiat,Tipo,Benzin,3475,7267,7106,0,FALSE,326,3792,109.12,181-365
1279705756,25/10/2024,28/10/2024,Citroen,C1,Benzin,2682,7905,9334,1,FALSE,3,5223,194.74,0-7
1279202184,13/09/2024,09/12/2024,Hyundai,Tucson,Benzin,14612,17092,17897,1,FALSE,87,2480,16.97,61-90
1278230630,12/09/2024,12/11/2024,Fiat,500,Benzin,5612,9723,9471,1,FALSE,61,4111,73.25,61-90
1282319224,08/01/2025,09/01/2025,Peugeot,208,Benzin,1800,8413,9292,1,FALSE,1,6613,367.39,0-7
1275648915,26/09/2024,,Audi,A6 Allroad,Benzin,38608,39277,39118,0,FALSE,400,669,1.73,365+
1282549022,11/11/2024,,Mercedes-Benz,GLC-Klasse,Diesel,30733,34289,36125,0,FALSE,354,3556,11.57,181-365
1280746244,18/10/2024,19/11/2024,Hyundai,i30,Benzin,6097,8671,9004,1,FALSE,32,2574,42.22,31-60
1282490249,18/11/2024,,Renault,Clio,Benzin,8784,13947,15718,0,FALSE,347,5163,58.78,181-365
1279369329,21/09/2024,03/12/2024,Kia,Sportage,Diesel,15168,17585,16456,1,FALSE,73,2417,15.93,61-90
1279759564,28/10/2024,02/12/2024,Honda,Civic,Benzin,15603,17752,19274,1,FALSE,35,2149,13.77,31-60
1272380003,18/10/2024,23/12/2024,Mercedes-Benz,B-Klasse,Benzin,9775,15851,14543,1,FALSE,66,6076,62.16,61-90
1281449957,22/10/2024,06/12/2024,Opel,Adam,Benzin,4211,8960,8616,1,FALSE,45,4749,112.78,31-60
1280922903,04/12/2024,,Kia,pro_cee'd,Benzin,17577,21894,23331,0,FALSE,331,4317,24.56,181-365
1283774857,06/12/2024,,Dacia,Lodgy,Diesel,10940,16733,16952,0,FALSE,329,5793,52.95,181-365
1283234182,03/12/2024,12/12/2024,Seat,Ateca,Benzin,16896,22956,23380,1,FALSE,9,6060,35.87,Aug-14
1283725675,13/12/2024,,Mercedes-Benz,C-Klasse,Benzin,21729,30649,32031,0,FALSE,322,8920,41.05,181-365
1283821817,09/12/2024,,Mercedes-Benz,B-Klasse,Benzin,10803,14378,15772,0,FALSE,326,3575,33.09,181-365
1279059251,02/10/2024,,Volkswagen,Golf VIII,Benzin,24514,27686,27451,0,FALSE,394,3172,12.94,365+
1279094819,04/10/2024,,Jeep,Renegade,Benzin,7518,11858,12010,0,FALSE,392,4340,57.73,365+
1272946035,15/11/2024,17/12/2024,Volkswagen,Golf VII,Benzin,6969,12172,13778,1,FALSE,32,5203,74.66,31-60
1282200957,18/11/2024,,Hyundai,i20,Benzin,14915,17333,18074,0,FALSE,347,2418,16.21,181-365
1280902012,25/10/2024,,Seat,Leon,Benzin,17148,19751,17830,0,FALSE,371,2603,15.18,365+
1280947842,22/10/2024,,Opel,Mokka X,Benzin,13203,14683,14223,0,FALSE,374,1480,11.21,365+
1280963135,21/10/2024,,BMW,3er,Diesel,15516,20872,20018,0,FALSE,375,5356,34.52,365+
1282856679,14/12/2024,07/01/2025,Nissan,Qashqai,Benzin,14014,17349,17958,1,FALSE,24,3335,23.8,15-30
1284136436,10/12/2024,23/12/2024,Ford,Kuga,Benzin,12112,16492,18013,1,FALSE,13,4380,36.16,Aug-14
1278518540,27/09/2024,20/12/2024,Volkswagen,Tiguan Allspace,Diesel,21889,24022,24211,1,FALSE,84,2133,9.74,61-90
1283161480,13/12/2024,,Mercedes-Benz,A-Klasse,Benzin,23198,28204,27086,0,FALSE,322,5006,21.58,181-365
1278104714,06/11/2024,,Mercedes-Benz,C-Klasse,Benzin,17134,22201,22101,0,FALSE,359,5067,29.57,181-365
1278274244,27/09/2024,28/09/2024,Audi,SQ5,Benzin,25524,33080,32323,1,FALSE,1,7556,29.6,0-7
1278695830,29/11/2024,,Ford,Focus,Benzin,13494,16895,18408,0,FALSE,336,3401,25.2,181-365
1279173454,02/01/2025,,Volkswagen,Golf VII,Benzin,17828,25576,25820,0,FALSE,302,7748,43.46,181-365
1280071781,15/10/2024,,BMW,1er,Benzin,9886,13709,14199,0,FALSE,381,3823,38.67,365+
1281045025,23/10/2024,,BMW,X1,Benzin,16932,21921,23471,0,FALSE,373,4989,29.46,365+
1279955345,23/10/2024,,Skoda,Kodiaq,Diesel,26144,31741,31916,0,FALSE,373,5597,21.41,365+
1279686748,01/10/2024,12/11/2024,Audi,A1,Benzin,7761,13743,14064,1,FALSE,42,5982,77.08,31-60
1278762292,08/10/2024,08/10/2024,Ford,Grand Tourneo Connect,Diesel,12805,16931,17957,1,FALSE,0,4126,32.22,0-7
1284264127,23/12/2024,,Opel,Corsa,Benzin,8736,14647,14426,0,FALSE,312,5911,67.66,181-365
1258407786,05/12/2024,,Seat,Leon,Benzin,13155,18111,17743,0,FALSE,330,4956,37.67,181-365
1280734881,18/10/2024,21/10/2024,Volkswagen,Scirocco,Benzin,14599,21433,22940,1,FALSE,3,6834,46.81,0-7
1279992689,15/10/2024,,BMW,1er,Benzin,9708,13366,15348,0,FALSE,381,3658,37.68,365+
1274941931,26/09/2024,,Land Rover,Discovery Sport,Benzin,22357,26619,26373,0,FALSE,400,4262,19.06,365+
1276655073,20/09/2024,28/12/2024,Mazda,CX-3,Benzin,13498,17918,17245,1,FALSE,99,4420,32.75,91-180
1280944745,18/10/2024,09/01/2025,Peugeot,Expert,Diesel,29249,33040,33914,1,FALSE,83,3791,12.96,61-90
1280562464,17/10/2024,27/12/2024,BMW,5er,Diesel,27344,33750,35561,1,FALSE,71,6406,23.43,61-90
1280655744,27/11/2024,,Opel,Adam,Benzin,12156,14492,14769,0,FALSE,338,2336,19.22,181-365
1281103445,08/11/2024,18/11/2024,Kia,Sportage,Benzin,11837,18661,19485,1,FALSE,10,6824,57.65,Aug-14
1282847800,12/11/2024,06/01/2025,Peugeot,208,Benzin,7205,10445,10356,1,FALSE,55,3240,44.97,31-60
1282547747,13/11/2024,,Volkswagen,T-Roc,Diesel,20222,25551,25386,0,FALSE,352,5329,26.35,181-365
1283840100,10/12/2024,14/12/2024,Hyundai,i10,Benzin,8676,11074,12036,1,FALSE,4,2398,27.64,0-7
1276360620,23/09/2024,18/12/2024,BMW,2er,Benzin,7989,12533,11546,1,FALSE,86,4544,56.88,61-90
1282176023,18/11/2024,,Volkswagen,Polo,Benzin,6626,11595,13857,0,FALSE,347,4969,74.99,181-365
1282443547,24/12/2024,31/12/2024,BMW,X1,Benzin,14938,21311,22742,1,FALSE,7,6373,42.66,0-7
1278388526,19/09/2024,29/11/2024,BMW,1er,Benzin,29866,31501,32994,1,FALSE,71,1635,5.47,61-90
1282104290,30/10/2024,09/11/2024,Opel,Astra,Benzin,7924,14095,13749,1,FALSE,10,6171,77.88,Aug-14
1282292127,08/11/2024,,Skoda,Octavia,Diesel,12813,16672,17526,0,FALSE,357,3859,30.12,181-365
1255083295,28/11/2024,,Citroen,C3 Aircross,Benzin,8203,14072,15594,0,FALSE,337,5869,71.55,181-365
1253037265,08/10/2024,09/12/2024,Ford,C-Max,Benzin,11153,13580,13915,1,FALSE,62,2427,21.76,61-90
1274152888,17/09/2024,05/12/2024,BMW,X3,Diesel,24466,28844,27513,1,FALSE,79,4378,17.89,61-90
1267654886,24/09/2024,26/09/2024,Volvo,V60,Diesel,19198,26696,26038,1,FALSE,2,7498,39.06,0-7
1269345693,15/10/2024,14/11/2024,BMW,5er,Diesel,15575,23015,23715,1,FALSE,30,7440,47.77,15-30
1284301317,24/12/2024,,Ford,EcoSport,Benzin,11873,17065,15071,0,FALSE,311,5192,43.73,181-365
1268126095,27/09/2024,30/10/2024,Skoda,Kodiaq,Diesel,28758,33770,35006,1,FALSE,33,5012,17.43,31-60
1275611467,28/11/2024,,Volkswagen,Passat,Benzin,13816,18508,17352,0,FALSE,337,4692,33.96,181-365
1281038267,29/10/2024,14/12/2024,BMW,2er,Diesel,12396,17652,17518,1,FALSE,46,5256,42.4,31-60
1278233997,13/12/2024,,Audi,A6,Diesel,30638,35503,36234,0,FALSE,322,4865,15.88,181-365
1278295841,15/11/2024,31/12/2024,Volkswagen,Passat,Diesel,16746,20650,20693,1,FALSE,46,3904,23.31,31-60
1283277758,27/11/2024,02/12/2024,Ford,Grand C-Max,Diesel,9031,12714,13382,1,FALSE,5,3683,40.78,0-7
1278986866,20/12/2024,27/12/2024,Volkswagen,Passat,Diesel,14653,20633,19317,1,FALSE,7,5980,40.81,0-7
1278565078,18/09/2024,11/10/2024,Peugeot,2008,Benzin,7868,10816,13090,1,FALSE,23,2948,37.47,15-30
1279362063,13/09/2024,,Hyundai,Kona,Hybrid,15873,19078,19485,0,FALSE,413,3205,20.19,365+
1273021943,21/11/2024,03/12/2024,Mazda,CX-5,Benzin,9986,12974,13014,1,FALSE,12,2988,29.92,Aug-14
1284289503,13/12/2024,,Smart,fortwo,Benzin,6521,12360,11617,0,FALSE,322,5839,89.54,181-365
1280076600,15/10/2024,,Volkswagen,up!,Benzin,7908,10575,9369,0,FALSE,381,2667,33.73,365+
1280682065,21/10/2024,,Opel,Corsa,Benzin,4021,8434,9812,0,FALSE,375,4413,109.75,365+
1272272908,13/09/2024,15/11/2024,Skoda,Karoq,Benzin,18246,18377,17301,1,FALSE,63,131,0.72,61-90
1277733555,16/10/2024,,Peugeot,5008,Diesel,13869,18727,19095,0,FALSE,380,4858,35.03,365+
1281329069,01/11/2024,10/12/2024,Volkswagen,Golf VII Sportsvan,Benzin,11898,17000,16694,1,FALSE,39,5102,42.88,31-60
1278878203,16/09/2024,13/11/2024,Mazda,CX-3,Benzin,13339,18480,17933,1,FALSE,58,5141,38.54,31-60
1282241183,08/11/2024,,Volkswagen,Tiguan Allspace,Diesel,20572,26393,28051,0,FALSE,357,5821,28.3,181-365
1281780346,18/11/2024,,Mitsubishi,Eclipse Cross,Benzin,10604,15949,14806,0,FALSE,347,5345,50.41,181-365
1283171866,06/12/2024,,BMW,1er,Benzin,11082,16882,17995,0,FALSE,329,5800,52.34,181-365
1279797497,17/10/2024,23/10/2024,Volkswagen,Tiguan,Diesel,11047,16505,15361,1,FALSE,6,5458,49.41,0-7
1280390096,01/10/2024,,Volkswagen,T-Roc,Benzin,28039,29679,30197,0,FALSE,395,1640,5.85,365+
1279376410,13/09/2024,,Renault,Kadjar,Benzin,10816,14382,14757,0,FALSE,413,3566,32.97,365+
1279815738,24/10/2024,,Volkswagen,T-Cross,Benzin,12185,17874,18174,0,FALSE,372,5689,46.69,365+
1283151372,05/12/2024,07/01/2025,Ford,Fiesta,Benzin,9100,13228,11967,1,FALSE,33,4128,45.36,31-60
1280663861,17/10/2024,,Hyundai,i30,Benzin,9204,13316,14634,0,FALSE,379,4112,44.68,365+
1280747685,22/10/2024,03/12/2024,Mercedes-Benz,A-Klasse,Benzin,10781,13875,14161,1,FALSE,42,3094,28.7,31-60
1281049441,14/12/2024,,Hyundai,i20,Benzin,8774,12508,11334,0,FALSE,321,3734,42.56,181-365
1280914202,26/11/2024,,Mitsubishi,Eclipse Cross,Hybrid,17843,22712,24261,0,FALSE,339,4869,27.29,181-365
1278894818,07/10/2024,03/12/2024,Volkswagen,Passat,Diesel,14921,20223,19047,1,FALSE,57,5302,35.53,31-60
1281357007,23/10/2024,,Volkswagen,Polo,Benzin,6949,10442,12159,0,FALSE,373,3493,50.27,365+
1281714638,28/11/2024,,Smart,forfour,Benzin,8773,12601,13280,0,FALSE,337,3828,43.63,181-365
1278311762,12/09/2024,15/10/2024,MINI,MINI,Benzin,29834,33108,34239,1,FALSE,33,3274,10.97,31-60
1281330020,04/11/2024,,Hyundai,Kona,Benzin,11098,16495,17599,0,FALSE,361,5397,48.63,181-365
1283099871,29/11/2024,,Audi,A5 Sportback,Benzin,18488,25824,26611,0,FALSE,336,7336,39.68,181-365
1282729038,02/12/2024,,Ford,EcoSport,Benzin,9924,14044,13262,0,FALSE,333,4120,41.52,181-365
1278125434,28/10/2024,,Renault,Clio,Benzin,12710,14176,13915,0,FALSE,368,1466,11.53,365+
1278182102,18/12/2024,,Mercedes-Benz,A-Klasse,Benzin,17436,24168,24500,0,FALSE,317,6732,38.61,181-365
1282024890,08/11/2024,02/01/2025,Kia,cee'd,Benzin,16530,20407,21410,1,FALSE,55,3877,23.45,31-60
1282333153,06/12/2024,,Volvo,XC60,Diesel,24971,31152,30065,0,FALSE,329,6181,24.75,181-365
1283461498,04/12/2024,,Mercedes-Benz,CLA-Klasse,Diesel,13815,17330,18488,0,FALSE,331,3515,25.44,181-365
1279327143,13/11/2024,10/12/2024,Kia,cee'd,Benzin,4748,8979,9807,1,FALSE,27,4231,89.11,15-30
1282954029,21/11/2024,,BMW,X1,Benzin,11902,17043,16816,0,FALSE,344,5141,43.19,181-365
1283227184,29/11/2024,,Volkswagen,Caddy,Diesel,17941,22657,23328,0,FALSE,336,4716,26.29,181-365
1283426810,06/12/2024,,Nissan,X-Trail,Diesel,11753,16311,16613,0,FALSE,329,4558,38.78,181-365
1280738506,29/10/2024,30/12/2024,Ford,Focus,Benzin,13498,18089,17118,1,FALSE,62,4591,34.01,61-90
1279299850,24/10/2024,,BMW,5er,Hybrid,34884,39746,38808,0,FALSE,372,4862,13.94,365+
1284066027,19/12/2024,,Renault,Clio,Benzin,6551,8798,8591,0,FALSE,316,2247,34.3,181-365
1269326471,10/11/2024,,BMW,X1,Benzin,21420,25319,25730,0,FALSE,355,3899,18.2,181-365
1281048013,21/10/2024,,Mazda,MX-5,Benzin,19015,24089,26379,0,FALSE,375,5074,26.68,365+
1284589721,20/12/2024,,Opel,Astra,Diesel,10052,13651,11977,0,FALSE,315,3599,35.8,181-365
1279593122,19/09/2024,23/09/2024,Citroen,C1,Benzin,6306,9678,10186,1,FALSE,4,3372,53.47,0-7
1280969076,11/11/2024,,Hyundai,i10,Benzin,6272,10033,8845,0,FALSE,354,3761,59.96,181-365
1278765679,01/10/2024,,Seat,Ibiza,Benzin,11094,11756,13399,0,FALSE,395,662,5.97,365+
1281682042,04/12/2024,,Mercedes-Benz,GLC-Klasse,Benzin,32699,37669,37281,0,FALSE,331,4970,15.2,181-365
1280906013,07/10/2024,10/12/2024,BMW,2er,Benzin,17303,20882,22127,1,FALSE,64,3579,20.68,61-90
1279876812,24/09/2024,30/12/2024,Renault,Clio,Benzin,7607,11713,11446,1,FALSE,97,4106,53.98,91-180
1281544263,29/10/2024,30/12/2024,Fiat,Tipo,Benzin,14485,20888,20074,1,FALSE,62,6403,44.2,61-90
1284570554,23/12/2024,,BMW,1er,Benzin,20454,26167,26554,0,FALSE,312,5713,27.93,181-365
1282456274,18/11/2024,,Opel,Mokka X,Benzin,11886,14866,14410,0,FALSE,347,2980,25.07,181-365
1281924322,02/11/2024,,Mazda,CX-5,Benzin,14149,16042,16267,0,FALSE,363,1893,13.38,181-365
1285042079,07/01/2025,,Hyundai,Kona,Benzin,11074,14929,14017,0,FALSE,297,3855,34.81,181-365
1278804875,07/10/2024,30/12/2024,Volkswagen,Golf VII Sportsvan,Benzin,11587,14923,17062,1,FALSE,84,3336,28.79,61-90
1282895372,19/12/2024,,Skoda,Superb,Diesel,15780,22942,21795,0,FALSE,316,7162,45.39,181-365
1283583286,10/12/2024,,Opel,Corsa,Benzin,4436,9761,10425,0,FALSE,325,5325,120.04,181-365
1283791169,06/12/2024,16/12/2024,Hyundai,IONIQ,Hybrid,12738,16133,18236,1,FALSE,10,3395,26.65,Aug-14
1256897776,19/09/2024,16/11/2024,Opel,Corsa,Benzin,4367,8580,6750,1,FALSE,58,4213,96.47,31-60
1280723911,08/10/2024,07/01/2025,Opel,Adam,Benzin,4429,9427,9841,1,FALSE,91,4998,112.85,91-180
1281033387,24/10/2024,,Mercedes-Benz,CLA-Klasse,Benzin,31952,38580,39620,0,FALSE,372,6628,20.74,365+
1282215536,09/11/2024,07/01/2025,Ford,Kuga,Diesel,12230,15666,15005,1,FALSE,59,3436,28.09,31-60
1261810771,15/10/2024,04/12/2024,Mercedes-Benz,CLA-Klasse,Benzin,15276,20972,19379,1,FALSE,50,5696,37.29,31-60
1284178637,14/12/2024,,Volkswagen,Passat,Diesel,12073,16300,16927,0,FALSE,321,4227,35.01,181-365
1279504242,19/09/2024,29/11/2024,Nissan,Qashqai,Benzin,9610,12854,11385,1,FALSE,71,3244,33.76,61-90
1280707555,14/10/2024,15/10/2024,Opel,Zafira Tourer,Benzin,5890,12541,13146,1,FALSE,1,6651,112.92,0-7
1262697139,05/12/2024,,Ford,Kuga,Diesel,11215,15712,15481,0,FALSE,330,4497,40.1,181-365
1282976008,28/11/2024,,Kia,Picanto,Benzin,4030,8035,7559,0,FALSE,337,4005,99.38,181-365
1283344499,05/12/2024,12/12/2024,Fiat,500X,Benzin,4803,8598,10177,1,FALSE,7,3795,79.01,0-7
1279230611,17/09/2024,09/12/2024,MINI,MINI,Benzin,8476,9593,10461,1,FALSE,83,1117,13.18,61-90
1283959937,12/12/2024,,Dacia,Sandero,Benzin,6829,13427,13205,0,FALSE,323,6598,96.62,181-365
1284137965,08/01/2025,,Volkswagen,Golf VII,Benzin,11374,17090,16545,0,FALSE,296,5716,50.25,181-365
1282724265,06/12/2024,10/01/2025,Dacia,Sandero,Benzin,9941,13514,12553,1,FALSE,35,3573,35.94,31-60
1278645256,14/10/2024,04/11/2024,BMW,1er,Benzin,10849,15248,14121,1,FALSE,21,4399,40.55,15-30
1275337393,31/10/2024,03/12/2024,Opel,Corsa,Benzin,7356,12096,11386,1,FALSE,33,4740,64.44,31-60
1275861564,19/11/2024,23/12/2024,Mercedes-Benz,A-Klasse,Benzin,18681,23327,23045,1,FALSE,34,4646,24.87,31-60
1277649693,02/10/2024,13/12/2024,Cupra,Formentor,Benzin,28978,30274,30554,1,FALSE,72,1296,4.47,61-90
1283841209,03/01/2025,,BMW,4er,Benzin,19765,26804,26484,0,FALSE,301,7039,35.61,181-365
1279677140,17/10/2024,,Seat,Ateca,Benzin,15999,19383,17928,0,FALSE,379,3384,21.15,365+
1279842246,23/09/2024,02/01/2025,Nissan,Pulsar,Benzin,9342,13147,12376,1,FALSE,101,3805,40.73,91-180
1280332258,17/10/2024,,Skoda,Octavia,Benzin,19698,24604,25139,0,FALSE,379,4906,24.91,365+
1280802155,30/10/2024,,BMW,2er,Benzin,7879,11105,12834,0,FALSE,366,3226,40.94,365+
1279094687,26/09/2024,,Ford,Mondeo,Hybrid,16900,19498,19731,0,FALSE,400,2598,15.37,365+
1275747268,17/10/2024,10/01/2025,Volkswagen,Sharan,Diesel,19075,23158,24625,1,FALSE,85,4083,21.4,61-90
1279668955,27/11/2024,,MINI,Countryman,Benzin,12820,18746,18403,0,FALSE,338,5926,46.22,181-365
1282795220,25/11/2024,,Mazda,CX-3,Benzin,8884,13550,14427,0,FALSE,340,4666,52.52,181-365
1280394717,15/10/2024,,Skoda,Octavia,Benzin,16422,18455,18726,0,FALSE,381,2033,12.38,365+
1283736636,06/12/2024,,MINI,Countryman,Hybrid,15996,21264,21337,0,FALSE,329,5268,32.93,181-365
1283588228,13/12/2024,,Fiat,Panda,Benzin,9394,12233,11853,0,FALSE,322,2839,30.22,181-365
1283988065,20/12/2024,,Renault,Talisman,Diesel,13726,16953,17391,0,FALSE,315,3227,23.51,181-365
1268786945,02/10/2024,12/11/2024,Opel,Meriva,Diesel,4663,10031,9758,1,FALSE,41,5368,115.12,31-60
1280865575,19/10/2024,,BMW,5er,Diesel,24583,28872,29152,0,FALSE,377,4289,17.45,365+
1275939618,17/09/2024,15/10/2024,Mazda,CX-3,Benzin,10965,16278,16082,1,FALSE,28,5313,48.45,15-30
1277377624,23/09/2024,22/10/2024,Toyota,Yaris,Benzin,6797,12669,13250,1,FALSE,29,5872,86.39,15-30
1276985301,19/09/2024,,Dacia,Dokker,Benzin,9955,13702,15230,0,FALSE,407,3747,37.64,365+
1283189716,28/11/2024,02/12/2024,Opel,Corsa,Benzin,4938,9093,8750,1,FALSE,4,4155,84.14,0-7
1282362468,04/12/2024,,Mercedes-Benz,GLA-Klasse,Benzin,14964,17565,18245,0,FALSE,331,2601,17.38,181-365
1283205878,04/12/2024,,Mercedes-Benz,GLC-Klasse,Benzin,30190,37234,36228,0,FALSE,331,7044,23.33,181-365
1283453564,11/12/2024,,BMW,1er,Diesel,10016,16660,17751,0,FALSE,324,6644,66.33,181-365
1285246869,09/01/2025,,Ford,Focus,Benzin,7249,12385,12761,0,FALSE,295,5136,70.85,181-365
1282726768,20/11/2024,,Volkswagen,T-Roc,Diesel,15955,20212,18522,0,FALSE,345,4257,26.68,181-365
1279988740,02/10/2024,04/10/2024,Seat,Alhambra,Diesel,26374,34870,34629,1,FALSE,2,8496,32.21,0-7
1278855907,07/10/2024,30/12/2024,BMW,X1,Benzin,18010,23289,22312,1,FALSE,84,5279,29.31,61-90
1280264896,22/10/2024,03/12/2024,Seat,Alhambra,Benzin,15566,21463,23296,1,FALSE,42,5897,37.88,31-60
1280961286,22/11/2024,,Nissan,Qashqai,Benzin,12136,17766,17760,0,FALSE,343,5630,46.39,181-365
1274036225,07/11/2024,14/11/2024,Hyundai,i30,Benzin,22587,28910,27746,1,FALSE,7,6323,27.99,0-7
1279649279,21/10/2024,,Volkswagen,Golf VII Sportsvan,Benzin,14247,15636,16360,0,FALSE,375,1389,9.75,365+
1279864724,19/12/2024,,Mercedes-Benz,CLA-Klasse,Benzin,24681,32105,32392,0,FALSE,316,7424,30.08,181-365
1278538903,17/10/2024,14/11/2024,Kia,cee'd,Benzin,10183,14671,15342,1,FALSE,28,4488,44.07,15-30
1284052814,19/12/2024,,Opel,Mokka X,Benzin,12193,17683,16047,0,FALSE,316,5490,45.03,181-365
1279050871,16/09/2024,16/10/2024,Mercedes-Benz,A-Klasse,Benzin,17771,22470,21820,1,FALSE,30,4699,26.44,15-30
1279177422,11/12/2024,,Volkswagen,Arteon Shooting Brake,Diesel,25075,30838,32804,0,FALSE,324,5763,22.98,181-365
1284525362,08/01/2025,10/01/2025,Opel,Mokka,Diesel,4988,10105,11311,1,FALSE,2,5117,102.59,0-7
1279066074,17/09/2024,10/10/2024,BMW,1er,Diesel,11504,17710,17818,1,FALSE,23,6206,53.95,15-30
1280362903,01/10/2024,22/11/2024,Volkswagen,Passat,Diesel,19088,22693,24525,1,FALSE,52,3605,18.89,31-60
1280406927,09/10/2024,30/12/2024,Volkswagen,Golf VIII,Diesel,23623,27352,28571,1,FALSE,82,3729,15.79,61-90
1281366980,28/10/2024,02/12/2024,Mitsubishi,Space Star,Benzin,4981,6974,8199,1,FALSE,35,1993,40.01,31-60
1276455186,19/11/2024,,Audi,A3,Hybrid,15629,20256,19812,0,FALSE,346,4627,29.61,181-365
1279873501,23/09/2024,02/11/2024,Seat,Leon,Benzin,18938,23555,23632,1,FALSE,40,4617,24.38,31-60
1279954255,25/09/2024,02/10/2024,Toyota,C-HR,Hybrid,15597,17362,18767,1,FALSE,7,1765,11.32,0-7
1280459487,10/12/2024,,Mercedes-Benz,E-Klasse,Benzin,32572,37924,38346,0,FALSE,325,5352,16.43,181-365
1282878374,20/11/2024,,Kia,cee'd,Hybrid,13210,20978,21403,0,FALSE,345,7768,58.8,181-365
1276988023,01/10/2024,07/12/2024,Nissan,Qashqai,Benzin,8375,12238,11407,1,FALSE,67,3863,46.13,61-90
1282043297,09/11/2024,,Volkswagen,Tiguan,Benzin,17141,21820,20500,0,FALSE,356,4679,27.3,181-365
1282906157,19/11/2024,13/12/2024,Opel,Karl,Benzin,4822,8039,8595,1,FALSE,24,3217,66.72,15-30
1283088435,06/12/2024,,Volkswagen,Golf VII,Benzin,7700,11861,12450,0,FALSE,329,4161,54.04,181-365
1283645880,06/12/2024,,Volkswagen,Polo,Benzin,12582,17193,17456,0,FALSE,329,4611,36.65,181-365
1283472517,31/12/2024,,Smart,fortwo,Benzin,6663,13120,11985,0,FALSE,304,6457,96.91,181-365
1283397916,06/12/2024,,Mercedes-Benz,C-Klasse,Diesel,29934,35592,35693,0,FALSE,329,5658,18.9,181-365
1249046043,15/11/2024,,Audi,TTS,Benzin,27400,33002,34247,0,FALSE,350,5602,20.45,181-365
1279191668,05/10/2024,,Skoda,Octavia,Benzin,10586,14874,14779,0,FALSE,391,4288,40.51,365+
1279797983,25/09/2024,22/11/2024,Mercedes-Benz,E-Klasse,Diesel,23530,26760,27141,1,FALSE,58,3230,13.73,31-60
1281754888,05/11/2024,,Smart,fortwo,Benzin,8672,10031,9579,0,FALSE,360,1359,15.67,181-365
1282998397,12/12/2024,,Skoda,Karoq,Benzin,13070,17626,17175,0,FALSE,323,4556,34.86,181-365
1283436220,04/12/2024,,Volkswagen,Touran,Benzin,13828,20434,21961,0,FALSE,331,6606,47.77,181-365
1283500403,13/12/2024,,Renault,Clio,Benzin,11406,14902,15875,0,FALSE,322,3496,30.65,181-365
1260823690,07/10/2024,,Volkswagen,T6 Multivan,Diesel,36038,39651,40473,0,FALSE,389,3613,10.03,365+
1279416689,18/10/2024,25/11/2024,Nissan,Pulsar,Benzin,5274,10004,10416,1,FALSE,38,4730,89.69,31-60
1237218825,18/12/2024,,Audi,A4,Diesel,16171,24150,24346,0,FALSE,317,7979,49.34,181-365
1266968605,17/09/2024,29/11/2024,Volvo,V90,Hybrid,33612,36380,36084,1,FALSE,73,2768,8.24,61-90
1278547179,13/09/2024,30/11/2024,Kia,Niro,Hybrid,13161,13544,14187,1,FALSE,78,383,2.91,61-90
1278949003,14/10/2024,,Opel,Mokka X,Benzin,10813,15202,15740,0,FALSE,382,4389,40.59,365+
1277634628,26/11/2024,,Ford,Focus,Benzin,18963,25284,26579,0,FALSE,339,6321,33.33,181-365
1278044048,08/11/2024,11/11/2024,Opel,Corsa,Benzin,8462,13050,13969,1,FALSE,3,4588,54.22,0-7
1278301365,12/09/2024,11/11/2024,Audi,Q5,Diesel,27856,34392,35061,1,FALSE,60,6536,23.46,31-60
1283499701,13/12/2024,,Volkswagen,Caddy,Benzin,24612,29633,30400,0,FALSE,322,5021,20.4,181-365
1278720153,19/09/2024,22/10/2024,Skoda,Fabia,Benzin,10140,16312,16882,1,FALSE,33,6172,60.87,31-60
1272505411,01/11/2024,,Volkswagen,T-Roc,Diesel,19767,21918,23692,0,FALSE,364,2151,10.88,181-365
1279658241,25/09/2024,,Skoda,Rapid Spaceback,Benzin,8103,10830,11125,0,FALSE,401,2727,33.65,365+
1277365207,23/12/2024,,Volkswagen,T-Cross,Benzin,14573,18566,20021,0,FALSE,312,3993,27.4,181-365
1274500308,09/11/2024,,Volkswagen,Golf VII,Diesel,10935,14031,14649,0,FALSE,356,3096,28.31,181-365
1280481458,16/10/2024,,Smart,forfour,Benzin,2816,8016,6724,0,FALSE,380,5200,184.66,365+
1279758447,22/10/2024,,Mercedes-Benz,CLA-Klasse,Benzin,27542,33445,31600,0,FALSE,374,5903,21.43,365+
1281517152,12/12/2024,,Dacia,Duster,Benzin,7416,13143,12147,0,FALSE,323,5727,77.22,181-365
1282158380,06/12/2024,10/12/2024,Fiat,500,Benzin,5831,9349,8256,1,FALSE,4,3518,60.33,0-7
1278357699,27/09/2024,03/01/2025,Skoda,Superb,Diesel,15243,19706,19915,1,FALSE,98,4463,29.28,91-180
1281378783,17/10/2024,,MINI,MINI,Diesel,7866,11432,11603,0,FALSE,379,3566,45.33,365+
1280169518,07/10/2024,,Mercedes-Benz,CLA-Klasse,Benzin,19623,24169,25162,0,FALSE,389,4546,23.17,365+
1283576053,13/12/2024,,Skoda,Fabia,Benzin,6825,12787,12146,0,FALSE,322,5962,87.36,181-365
1280245978,25/09/2024,21/10/2024,Volkswagen,Golf VII,Benzin,15183,19178,19111,1,FALSE,26,3995,26.31,15-30
1280519114,13/11/2024,,Volkswagen,T-Cross,Benzin,17993,20974,21767,0,FALSE,352,2981,16.57,181-365
1278203413,17/09/2024,,Land Rover,Range Rover Sport,Diesel,29645,34388,33446,0,FALSE,409,4743,16,365+
1280455978,07/10/2024,,Volkswagen,Golf VII Sportsvan,Diesel,15416,16772,17713,0,FALSE,389,1356,8.8,365+
1276756751,02/10/2024,06/11/2024,Volkswagen,Golf VII,Diesel,15389,18371,19354,1,FALSE,35,2982,19.38,31-60
1281347104,18/10/2024,26/10/2024,Volkswagen,Taigo,Benzin,17123,22218,23508,1,FALSE,8,5095,29.76,Aug-14
1280743440,21/10/2024,,Smart,forfour,Benzin,4645,8067,8075,0,FALSE,375,3422,73.67,365+
1282303490,18/11/2024,06/01/2025,Hyundai,Tucson,Benzin,10449,18240,17562,1,FALSE,49,7791,74.56,31-60
1271051536,13/12/2024,23/12/2024,Citroen,C3,Diesel,2992,9100,9638,1,FALSE,10,6108,204.14,Aug-14
1281258889,05/11/2024,,Mercedes-Benz,GLC-Klasse,Diesel,32117,35246,34477,0,FALSE,360,3129,9.74,181-365
1278505136,12/09/2024,18/10/2024,Volkswagen,Polo,Benzin,9144,12212,13806,1,FALSE,36,3068,33.55,31-60
1277237247,27/09/2024,11/12/2024,Opel,Mokka X,Benzin,9833,12013,12834,1,FALSE,75,2180,22.17,61-90
1284014567,24/12/2024,,Volkswagen,Golf VII Sportsvan,Benzin,15693,20209,19506,0,FALSE,311,4516,28.78,181-365
1277621751,02/01/2025,,Suzuki,Swift,Benzin,13935,17853,16290,0,FALSE,302,3918,28.12,181-365
1279089579,19/09/2024,21/11/2024,MINI,Clubman,Benzin,27670,31940,32802,1,FALSE,63,4270,15.43,61-90
1280932261,16/10/2024,04/11/2024,Nissan,Micra,Benzin,3807,8676,10036,1,FALSE,19,4869,127.9,15-30
1283564510,12/12/2024,,Fiat,500,Benzin,7897,11388,12140,0,FALSE,323,3491,44.21,181-365
1279938153,09/10/2024,14/10/2024,Mitsubishi,Space Star,Benzin,8070,9576,,1,FALSE,5,1506,18.66,0-7
1283215230,10/12/2024,,Hyundai,i30,Benzin,5277,8734,8228,0,FALSE,325,3457,65.51,181-365
1283382415,02/01/2025,,Renault,Captur,Benzin,9969,16544,15841,0,FALSE,302,6575,65.95,181-365
1278896404,08/10/2024,,Volkswagen,T6 Multivan,Diesel,34426,36740,38404,0,FALSE,388,2314,6.72,365+
1278680311,01/10/2024,24/10/2024,Ford,S-Max,Diesel,14683,22130,22408,1,FALSE,23,7447,50.72,15-30
1284174304,17/12/2024,,Hyundai,i30,Diesel,8159,13144,14047,0,FALSE,318,4985,61.1,181-365
1274271410,16/11/2024,,Volkswagen,Tiguan,Diesel,18911,23951,24753,0,FALSE,349,5040,26.65,181-365
1282258559,02/12/2024,,Volkswagen,Caddy,Benzin,11081,16120,16526,0,FALSE,333,5039,45.47,181-365
1281406850,28/10/2024,19/12/2024,Mercedes-Benz,E-Klasse,Benzin,17545,23677,23375,1,FALSE,52,6132,34.95,31-60
1280934031,02/12/2024,,Renault,Kadjar,Benzin,9463,15006,13743,0,FALSE,333,5543,58.58,181-365
1280190171,10/12/2024,,Renault,Kadjar,Benzin,5896,10346,10413,0,FALSE,325,4450,75.47,181-365
1269375263,08/01/2025,10/01/2025,Mercedes-Benz,A-Klasse,Benzin,11890,16844,18964,1,FALSE,2,4954,41.67,0-7
1281178520,05/11/2024,,Opel,Corsa,Benzin,6896,9592,9655,0,FALSE,360,2696,39.1,181-365
1281914595,15/11/2024,23/12/2024,Mazda,CX-5,Diesel,18956,24812,25303,1,FALSE,38,5856,30.89,31-60
1281390053,24/12/2024,,Mazda,CX-5,Benzin,12621,18974,18636,0,FALSE,311,6353,50.34,181-365
1284535264,08/01/2025,,Smart,fortwo,Benzin,9490,13963,14805,0,FALSE,296,4473,47.13,181-365
1282152134,08/11/2024,16/11/2024,Skoda,Citigo,Benzin,3293,8121,9420,1,FALSE,8,4828,146.61,Aug-14
1282097561,22/11/2024,,Mercedes-Benz,GLA-Klasse,Benzin,13606,21151,21462,0,FALSE,343,7545,55.45,181-365
1283691386,03/01/2025,,Volkswagen,Tiguan,Diesel,15977,22878,22490,0,FALSE,301,6901,43.19,181-365
1279098405,24/09/2024,,Mercedes-Benz,E-Klasse,Diesel,27611,31612,30990,0,FALSE,402,4001,14.49,365+
1282778585,16/11/2024,,Volkswagen,Polo,Benzin,8454,10498,10892,0,FALSE,349,2044,24.18,181-365
1283427265,13/12/2024,24/12/2024,Peugeot,Partner,Diesel,10313,14685,15999,1,FALSE,11,4372,42.39,Aug-14
1282981132,19/11/2024,,BMW,X1,Benzin,17946,20845,21195,0,FALSE,346,2899,16.15,181-365
1283678592,13/12/2024,,Opel,Insignia Sports Tourer,Diesel,13785,17910,18939,0,FALSE,322,4125,29.92,181-365
1276243949,04/12/2024,,Mercedes-Benz,GLA-Klasse,Benzin,19993,24075,25945,0,FALSE,331,4082,20.42,181-365
